loss_fn	wavetable	mod_type	reference	ref_amount	mod_sig	amount	phase	ref_phase	is_reference	distance
mss_log_lin	brightness_real__harmonics__synced_sines__256_1024	amp	amp_1.00hz_0.10	0.1	amp_1.00hz_0.10	0.1	0	0	TRUE	0.0
mss_log_lin	brightness_real__harmonics__synced_sines__256_1024	amp	amp_1.00hz_0.10	0.1	amp_1.00hz_0.30	0.3	0	0	FALSE	0.41931745409965500
mss_log_lin	brightness_real__harmonics__synced_sines__256_1024	amp	amp_1.00hz_0.10	0.1	amp_1.00hz_0.50	0.5	0	0	FALSE	0.5196155905723570
mss_log_lin	brightness_real__harmonics__synced_sines__256_1024	amp	amp_1.00hz_0.10	0.1	amp_1.00hz_0.70	0.7	0	0	FALSE	0.6117780804634090
mss_log_lin	brightness_real__harmonics__synced_sines__256_1024	amp	amp_1.00hz_0.10	0.1	amp_1.00hz_0.90	0.9	0	0	FALSE	0.6956612467765810
mss_log_lin	brightness_real__harmonics__synced_sines__256_1024	freq	freq_0.25hz	0.25	freq_0.25hz	0.25	0	0	TRUE	0.0
mss_log_lin	brightness_real__harmonics__synced_sines__256_1024	freq	freq_0.25hz	0.25	freq_0.50hz	0.5	0	0	FALSE	0.7826428413391110
mss_log_lin	brightness_real__harmonics__synced_sines__256_1024	freq	freq_0.25hz	0.25	freq_1.00hz	1.0	0	0	FALSE	0.8126557469367980
mss_log_lin	brightness_real__harmonics__synced_sines__256_1024	freq	freq_0.25hz	0.25	freq_2.00hz	2.0	0	0	FALSE	0.9761039614677430
mss_log_lin	brightness_real__harmonics__synced_sines__256_1024	freq	freq_0.25hz	0.25	freq_4.00hz	4.0	0	0	FALSE	1.3548983335495000
mss_log_lin	brightness_real__harmonics__synced_sines__256_1024	reg	reg_1.00hz_0.000	0.0	reg_1.00hz_0.000	0.0	0	0	TRUE	0.0
mss_log_lin	brightness_real__harmonics__synced_sines__256_1024	reg	reg_1.00hz_0.000	0.0	reg_1.00hz_0.125	0.125	0	0	FALSE	0.6693496704101560
mss_log_lin	brightness_real__harmonics__synced_sines__256_1024	reg	reg_1.00hz_0.000	0.0	reg_1.00hz_0.250	0.25	0	0	FALSE	0.8017275929450990
mss_log_lin	brightness_real__harmonics__synced_sines__256_1024	reg	reg_1.00hz_0.000	0.0	reg_1.00hz_0.375	0.375	0	0	FALSE	0.8804553151130680
mss_log_lin	brightness_real__harmonics__synced_sines__256_1024	reg	reg_1.00hz_0.000	0.0	reg_1.00hz_0.500	0.5	0	0	FALSE	0.9084269404411320
mss_log_lin	brightness_synthetic__256_1024	amp	amp_1.00hz_0.10	0.1	amp_1.00hz_0.10	0.1	0	0	TRUE	0.0
mss_log_lin	brightness_synthetic__256_1024	amp	amp_1.00hz_0.10	0.1	amp_1.00hz_0.30	0.3	0	0	FALSE	0.38578951358795200
mss_log_lin	brightness_synthetic__256_1024	amp	amp_1.00hz_0.10	0.1	amp_1.00hz_0.50	0.5	0	0	FALSE	0.4973233640193940
mss_log_lin	brightness_synthetic__256_1024	amp	amp_1.00hz_0.10	0.1	amp_1.00hz_0.70	0.7	0	0	FALSE	0.5899495482444760
mss_log_lin	brightness_synthetic__256_1024	amp	amp_1.00hz_0.10	0.1	amp_1.00hz_0.90	0.9	0	0	FALSE	0.6628733277320860
mss_log_lin	brightness_synthetic__256_1024	freq	freq_0.25hz	0.25	freq_0.25hz	0.25	0	0	TRUE	0.0
mss_log_lin	brightness_synthetic__256_1024	freq	freq_0.25hz	0.25	freq_0.50hz	0.5	0	0	FALSE	0.7787160873413090
mss_log_lin	brightness_synthetic__256_1024	freq	freq_0.25hz	0.25	freq_1.00hz	1.0	0	0	FALSE	0.7588388323783880
mss_log_lin	brightness_synthetic__256_1024	freq	freq_0.25hz	0.25	freq_2.00hz	2.0	0	0	FALSE	0.7626845240592960
mss_log_lin	brightness_synthetic__256_1024	freq	freq_0.25hz	0.25	freq_4.00hz	4.0	0	0	FALSE	0.7848494648933410
mss_log_lin	brightness_synthetic__256_1024	reg	reg_1.00hz_0.000	0.0	reg_1.00hz_0.000	0.0	0	0	TRUE	0.0
mss_log_lin	brightness_synthetic__256_1024	reg	reg_1.00hz_0.000	0.0	reg_1.00hz_0.125	0.125	0	0	FALSE	0.5565266013145450
mss_log_lin	brightness_synthetic__256_1024	reg	reg_1.00hz_0.000	0.0	reg_1.00hz_0.250	0.25	0	0	FALSE	0.7211006283760070
mss_log_lin	brightness_synthetic__256_1024	reg	reg_1.00hz_0.000	0.0	reg_1.00hz_0.375	0.375	0	0	FALSE	0.8155970573425290
mss_log_lin	brightness_synthetic__256_1024	reg	reg_1.00hz_0.000	0.0	reg_1.00hz_0.500	0.5	0	0	FALSE	0.8607023358345030
mss_log_lin	richness_real__filter__acid_saw__46_1024__inverted	amp	amp_1.00hz_0.10	0.1	amp_1.00hz_0.10	0.1	0	0	TRUE	0.0
mss_log_lin	richness_real__filter__acid_saw__46_1024__inverted	amp	amp_1.00hz_0.10	0.1	amp_1.00hz_0.30	0.3	0	0	FALSE	0.3866209089756010
mss_log_lin	richness_real__filter__acid_saw__46_1024__inverted	amp	amp_1.00hz_0.10	0.1	amp_1.00hz_0.50	0.5	0	0	FALSE	0.48665109276771500
mss_log_lin	richness_real__filter__acid_saw__46_1024__inverted	amp	amp_1.00hz_0.10	0.1	amp_1.00hz_0.70	0.7	0	0	FALSE	0.5802401900291440
mss_log_lin	richness_real__filter__acid_saw__46_1024__inverted	amp	amp_1.00hz_0.10	0.1	amp_1.00hz_0.90	0.9	0	0	FALSE	0.7032135128974920
mss_log_lin	richness_real__filter__acid_saw__46_1024__inverted	freq	freq_0.25hz	0.25	freq_0.25hz	0.25	0	0	TRUE	0.0
mss_log_lin	richness_real__filter__acid_saw__46_1024__inverted	freq	freq_0.25hz	0.25	freq_0.50hz	0.5	0	0	FALSE	0.9789088368415830
mss_log_lin	richness_real__filter__acid_saw__46_1024__inverted	freq	freq_0.25hz	0.25	freq_1.00hz	1.0	0	0	FALSE	0.9334092140197750
mss_log_lin	richness_real__filter__acid_saw__46_1024__inverted	freq	freq_0.25hz	0.25	freq_2.00hz	2.0	0	0	FALSE	0.9438756108284000
mss_log_lin	richness_real__filter__acid_saw__46_1024__inverted	freq	freq_0.25hz	0.25	freq_4.00hz	4.0	0	0	FALSE	0.9625678658485410
mss_log_lin	richness_real__filter__acid_saw__46_1024__inverted	reg	reg_1.00hz_0.000	0.0	reg_1.00hz_0.000	0.0	0	0	TRUE	0.0
mss_log_lin	richness_real__filter__acid_saw__46_1024__inverted	reg	reg_1.00hz_0.000	0.0	reg_1.00hz_0.125	0.125	0	0	FALSE	0.6274601817131040
mss_log_lin	richness_real__filter__acid_saw__46_1024__inverted	reg	reg_1.00hz_0.000	0.0	reg_1.00hz_0.250	0.25	0	0	FALSE	0.8673093914985660
mss_log_lin	richness_real__filter__acid_saw__46_1024__inverted	reg	reg_1.00hz_0.000	0.0	reg_1.00hz_0.375	0.375	0	0	FALSE	1.0257989168167100
mss_log_lin	richness_real__filter__acid_saw__46_1024__inverted	reg	reg_1.00hz_0.000	0.0	reg_1.00hz_0.500	0.5	0	0	FALSE	1.0956430435180700
mss_log_lin	richness_synthetic__256_1024	amp	amp_1.00hz_0.10	0.1	amp_1.00hz_0.10	0.1	0	0	TRUE	0.0
mss_log_lin	richness_synthetic__256_1024	amp	amp_1.00hz_0.10	0.1	amp_1.00hz_0.30	0.3	0	0	FALSE	0.29507482051849400
mss_log_lin	richness_synthetic__256_1024	amp	amp_1.00hz_0.10	0.1	amp_1.00hz_0.50	0.5	0	0	FALSE	0.35903751850128200
mss_log_lin	richness_synthetic__256_1024	amp	amp_1.00hz_0.10	0.1	amp_1.00hz_0.70	0.7	0	0	FALSE	0.4242262542247770
mss_log_lin	richness_synthetic__256_1024	amp	amp_1.00hz_0.10	0.1	amp_1.00hz_0.90	0.9	0	0	FALSE	0.4865582287311550
mss_log_lin	richness_synthetic__256_1024	freq	freq_0.25hz	0.25	freq_0.25hz	0.25	0	0	TRUE	0.0
mss_log_lin	richness_synthetic__256_1024	freq	freq_0.25hz	0.25	freq_0.50hz	0.5	0	0	FALSE	0.620120108127594
mss_log_lin	richness_synthetic__256_1024	freq	freq_0.25hz	0.25	freq_1.00hz	1.0	0	0	FALSE	0.5969994068145750
mss_log_lin	richness_synthetic__256_1024	freq	freq_0.25hz	0.25	freq_2.00hz	2.0	0	0	FALSE	0.5955482125282290
mss_log_lin	richness_synthetic__256_1024	freq	freq_0.25hz	0.25	freq_4.00hz	4.0	0	0	FALSE	0.5968043804168700
mss_log_lin	richness_synthetic__256_1024	reg	reg_1.00hz_0.000	0.0	reg_1.00hz_0.000	0.0	0	0	TRUE	0.0
mss_log_lin	richness_synthetic__256_1024	reg	reg_1.00hz_0.000	0.0	reg_1.00hz_0.125	0.125	0	0	FALSE	0.4120175540447240
mss_log_lin	richness_synthetic__256_1024	reg	reg_1.00hz_0.000	0.0	reg_1.00hz_0.250	0.25	0	0	FALSE	0.5510699152946470
mss_log_lin	richness_synthetic__256_1024	reg	reg_1.00hz_0.000	0.0	reg_1.00hz_0.375	0.375	0	0	FALSE	0.640092670917511
mss_log_lin	richness_synthetic__256_1024	reg	reg_1.00hz_0.000	0.0	reg_1.00hz_0.500	0.5	0	0	FALSE	0.6814079284667970
mss_log_lin	warmth_real__vintage__logue_saw__166_1024	amp	amp_1.00hz_0.10	0.1	amp_1.00hz_0.10	0.1	0	0	TRUE	0.0
mss_log_lin	warmth_real__vintage__logue_saw__166_1024	amp	amp_1.00hz_0.10	0.1	amp_1.00hz_0.30	0.3	0	0	FALSE	0.6774471402168270
mss_log_lin	warmth_real__vintage__logue_saw__166_1024	amp	amp_1.00hz_0.10	0.1	amp_1.00hz_0.50	0.5	0	0	FALSE	0.7981135249137880
mss_log_lin	warmth_real__vintage__logue_saw__166_1024	amp	amp_1.00hz_0.10	0.1	amp_1.00hz_0.70	0.7	0	0	FALSE	0.9148845076560970
mss_log_lin	warmth_real__vintage__logue_saw__166_1024	amp	amp_1.00hz_0.10	0.1	amp_1.00hz_0.90	0.9	0	0	FALSE	1.019734263420110
mss_log_lin	warmth_real__vintage__logue_saw__166_1024	freq	freq_0.25hz	0.25	freq_0.25hz	0.25	0	0	TRUE	0.0
mss_log_lin	warmth_real__vintage__logue_saw__166_1024	freq	freq_0.25hz	0.25	freq_0.50hz	0.5	0	0	FALSE	1.222809910774230
mss_log_lin	warmth_real__vintage__logue_saw__166_1024	freq	freq_0.25hz	0.25	freq_1.00hz	1.0	0	0	FALSE	1.228206753730770
mss_log_lin	warmth_real__vintage__logue_saw__166_1024	freq	freq_0.25hz	0.25	freq_2.00hz	2.0	0	0	FALSE	1.2301591634750400
mss_log_lin	warmth_real__vintage__logue_saw__166_1024	freq	freq_0.25hz	0.25	freq_4.00hz	4.0	0	0	FALSE	1.2315243482589700
mss_log_lin	warmth_real__vintage__logue_saw__166_1024	reg	reg_1.00hz_0.000	0.0	reg_1.00hz_0.000	0.0	0	0	TRUE	0.0
mss_log_lin	warmth_real__vintage__logue_saw__166_1024	reg	reg_1.00hz_0.000	0.0	reg_1.00hz_0.125	0.125	0	0	FALSE	0.9891666769981380
mss_log_lin	warmth_real__vintage__logue_saw__166_1024	reg	reg_1.00hz_0.000	0.0	reg_1.00hz_0.250	0.25	0	0	FALSE	1.1675835847854600
mss_log_lin	warmth_real__vintage__logue_saw__166_1024	reg	reg_1.00hz_0.000	0.0	reg_1.00hz_0.375	0.375	0	0	FALSE	1.2759690284729000
mss_log_lin	warmth_real__vintage__logue_saw__166_1024	reg	reg_1.00hz_0.000	0.0	reg_1.00hz_0.500	0.5	0	0	FALSE	1.3274410963058500
mss_log_lin	warmth_synthetic__256_1024	amp	amp_1.00hz_0.10	0.1	amp_1.00hz_0.10	0.1	0	0	TRUE	0.0
mss_log_lin	warmth_synthetic__256_1024	amp	amp_1.00hz_0.10	0.1	amp_1.00hz_0.30	0.3	0	0	FALSE	0.15723401308059700
mss_log_lin	warmth_synthetic__256_1024	amp	amp_1.00hz_0.10	0.1	amp_1.00hz_0.50	0.5	0	0	FALSE	0.2384755164384840
mss_log_lin	warmth_synthetic__256_1024	amp	amp_1.00hz_0.10	0.1	amp_1.00hz_0.70	0.7	0	0	FALSE	0.32692575454711900
mss_log_lin	warmth_synthetic__256_1024	amp	amp_1.00hz_0.10	0.1	amp_1.00hz_0.90	0.9	0	0	FALSE	0.4290755093097690
mss_log_lin	warmth_synthetic__256_1024	freq	freq_0.25hz	0.25	freq_0.25hz	0.25	0	0	TRUE	0.0
mss_log_lin	warmth_synthetic__256_1024	freq	freq_0.25hz	0.25	freq_0.50hz	0.5	0	0	FALSE	0.5904524922370910
mss_log_lin	warmth_synthetic__256_1024	freq	freq_0.25hz	0.25	freq_1.00hz	1.0	0	0	FALSE	0.6089708805084230
mss_log_lin	warmth_synthetic__256_1024	freq	freq_0.25hz	0.25	freq_2.00hz	2.0	0	0	FALSE	0.6076316237449650
mss_log_lin	warmth_synthetic__256_1024	freq	freq_0.25hz	0.25	freq_4.00hz	4.0	0	0	FALSE	0.607182502746582
mss_log_lin	warmth_synthetic__256_1024	reg	reg_1.00hz_0.000	0.0	reg_1.00hz_0.000	0.0	0	0	TRUE	0.0
mss_log_lin	warmth_synthetic__256_1024	reg	reg_1.00hz_0.000	0.0	reg_1.00hz_0.125	0.125	0	0	FALSE	0.3771805763244630
mss_log_lin	warmth_synthetic__256_1024	reg	reg_1.00hz_0.000	0.0	reg_1.00hz_0.250	0.25	0	0	FALSE	0.5657410621643070
mss_log_lin	warmth_synthetic__256_1024	reg	reg_1.00hz_0.000	0.0	reg_1.00hz_0.375	0.375	0	0	FALSE	0.6556135416030880
mss_log_lin	warmth_synthetic__256_1024	reg	reg_1.00hz_0.000	0.0	reg_1.00hz_0.500	0.5	0	0	FALSE	0.6941965222358700
mss_rev	brightness_real__harmonics__synced_sines__256_1024	amp	amp_1.00hz_0.10	0.1	amp_1.00hz_0.10	0.1	0	0	TRUE	0.0
mss_rev	brightness_real__harmonics__synced_sines__256_1024	amp	amp_1.00hz_0.10	0.1	amp_1.00hz_0.30	0.3	0	0	FALSE	153.1139373779300
mss_rev	brightness_real__harmonics__synced_sines__256_1024	amp	amp_1.00hz_0.10	0.1	amp_1.00hz_0.50	0.5	0	0	FALSE	236.2185821533200
mss_rev	brightness_real__harmonics__synced_sines__256_1024	amp	amp_1.00hz_0.10	0.1	amp_1.00hz_0.70	0.7	0	0	FALSE	295.5816345214840
mss_rev	brightness_real__harmonics__synced_sines__256_1024	amp	amp_1.00hz_0.10	0.1	amp_1.00hz_0.90	0.9	0	0	FALSE	351.83056640625
mss_rev	brightness_real__harmonics__synced_sines__256_1024	freq	freq_0.25hz	0.25	freq_0.25hz	0.25	0	0	TRUE	0.0
mss_rev	brightness_real__harmonics__synced_sines__256_1024	freq	freq_0.25hz	0.25	freq_0.50hz	0.5	0	0	FALSE	485.02685546875
mss_rev	brightness_real__harmonics__synced_sines__256_1024	freq	freq_0.25hz	0.25	freq_1.00hz	1.0	0	0	FALSE	462.9029846191410
mss_rev	brightness_real__harmonics__synced_sines__256_1024	freq	freq_0.25hz	0.25	freq_2.00hz	2.0	0	0	FALSE	463.492431640625
mss_rev	brightness_real__harmonics__synced_sines__256_1024	freq	freq_0.25hz	0.25	freq_4.00hz	4.0	0	0	FALSE	460.9622497558590
mss_rev	brightness_real__harmonics__synced_sines__256_1024	reg	reg_1.00hz_0.000	0.0	reg_1.00hz_0.000	0.0	0	0	TRUE	0.0
mss_rev	brightness_real__harmonics__synced_sines__256_1024	reg	reg_1.00hz_0.000	0.0	reg_1.00hz_0.125	0.125	0	0	FALSE	305.36688232421900
mss_rev	brightness_real__harmonics__synced_sines__256_1024	reg	reg_1.00hz_0.000	0.0	reg_1.00hz_0.250	0.25	0	0	FALSE	432.5711364746090
mss_rev	brightness_real__harmonics__synced_sines__256_1024	reg	reg_1.00hz_0.000	0.0	reg_1.00hz_0.375	0.375	0	0	FALSE	498.17462158203100
mss_rev	brightness_real__harmonics__synced_sines__256_1024	reg	reg_1.00hz_0.000	0.0	reg_1.00hz_0.500	0.5	0	0	FALSE	525.3302001953130
mss_rev	brightness_synthetic__256_1024	amp	amp_1.00hz_0.10	0.1	amp_1.00hz_0.10	0.1	0	0	TRUE	0.0
mss_rev	brightness_synthetic__256_1024	amp	amp_1.00hz_0.10	0.1	amp_1.00hz_0.30	0.3	0	0	FALSE	177.92208862304700
mss_rev	brightness_synthetic__256_1024	amp	amp_1.00hz_0.10	0.1	amp_1.00hz_0.50	0.5	0	0	FALSE	296.0169372558590
mss_rev	brightness_synthetic__256_1024	amp	amp_1.00hz_0.10	0.1	amp_1.00hz_0.70	0.7	0	0	FALSE	389.99639892578100
mss_rev	brightness_synthetic__256_1024	amp	amp_1.00hz_0.10	0.1	amp_1.00hz_0.90	0.9	0	0	FALSE	464.4734191894530
mss_rev	brightness_synthetic__256_1024	freq	freq_0.25hz	0.25	freq_0.25hz	0.25	0	0	TRUE	0.0
mss_rev	brightness_synthetic__256_1024	freq	freq_0.25hz	0.25	freq_0.50hz	0.5	0	0	FALSE	636.420654296875
mss_rev	brightness_synthetic__256_1024	freq	freq_0.25hz	0.25	freq_1.00hz	1.0	0	0	FALSE	600.3316650390630
mss_rev	brightness_synthetic__256_1024	freq	freq_0.25hz	0.25	freq_2.00hz	2.0	0	0	FALSE	602.25732421875
mss_rev	brightness_synthetic__256_1024	freq	freq_0.25hz	0.25	freq_4.00hz	4.0	0	0	FALSE	605.22265625
mss_rev	brightness_synthetic__256_1024	reg	reg_1.00hz_0.000	0.0	reg_1.00hz_0.000	0.0	0	0	TRUE	0.0
mss_rev	brightness_synthetic__256_1024	reg	reg_1.00hz_0.000	0.0	reg_1.00hz_0.125	0.125	0	0	FALSE	376.4513854980470
mss_rev	brightness_synthetic__256_1024	reg	reg_1.00hz_0.000	0.0	reg_1.00hz_0.250	0.25	0	0	FALSE	556.7140502929690
mss_rev	brightness_synthetic__256_1024	reg	reg_1.00hz_0.000	0.0	reg_1.00hz_0.375	0.375	0	0	FALSE	653.794677734375
mss_rev	brightness_synthetic__256_1024	reg	reg_1.00hz_0.000	0.0	reg_1.00hz_0.500	0.5	0	0	FALSE	694.13232421875
mss_rev	richness_real__filter__acid_saw__46_1024__inverted	amp	amp_1.00hz_0.10	0.1	amp_1.00hz_0.10	0.1	0	0	TRUE	0.0
mss_rev	richness_real__filter__acid_saw__46_1024__inverted	amp	amp_1.00hz_0.10	0.1	amp_1.00hz_0.30	0.3	0	0	FALSE	90.26873779296880
mss_rev	richness_real__filter__acid_saw__46_1024__inverted	amp	amp_1.00hz_0.10	0.1	amp_1.00hz_0.50	0.5	0	0	FALSE	163.63499450683600
mss_rev	richness_real__filter__acid_saw__46_1024__inverted	amp	amp_1.00hz_0.10	0.1	amp_1.00hz_0.70	0.7	0	0	FALSE	225.82583618164100
mss_rev	richness_real__filter__acid_saw__46_1024__inverted	amp	amp_1.00hz_0.10	0.1	amp_1.00hz_0.90	0.9	0	0	FALSE	294.619140625
mss_rev	richness_real__filter__acid_saw__46_1024__inverted	freq	freq_0.25hz	0.25	freq_0.25hz	0.25	0	0	TRUE	0.0
mss_rev	richness_real__filter__acid_saw__46_1024__inverted	freq	freq_0.25hz	0.25	freq_0.50hz	0.5	0	0	FALSE	439.1026611328130
mss_rev	richness_real__filter__acid_saw__46_1024__inverted	freq	freq_0.25hz	0.25	freq_1.00hz	1.0	0	0	FALSE	420.68878173828100
mss_rev	richness_real__filter__acid_saw__46_1024__inverted	freq	freq_0.25hz	0.25	freq_2.00hz	2.0	0	0	FALSE	420.48370361328100
mss_rev	richness_real__filter__acid_saw__46_1024__inverted	freq	freq_0.25hz	0.25	freq_4.00hz	4.0	0	0	FALSE	422.0386657714840
mss_rev	richness_real__filter__acid_saw__46_1024__inverted	reg	reg_1.00hz_0.000	0.0	reg_1.00hz_0.000	0.0	0	0	TRUE	0.0
mss_rev	richness_real__filter__acid_saw__46_1024__inverted	reg	reg_1.00hz_0.000	0.0	reg_1.00hz_0.125	0.125	0	0	FALSE	256.0653076171880
mss_rev	richness_real__filter__acid_saw__46_1024__inverted	reg	reg_1.00hz_0.000	0.0	reg_1.00hz_0.250	0.25	0	0	FALSE	382.46722412109400
mss_rev	richness_real__filter__acid_saw__46_1024__inverted	reg	reg_1.00hz_0.000	0.0	reg_1.00hz_0.375	0.375	0	0	FALSE	456.28424072265600
mss_rev	richness_real__filter__acid_saw__46_1024__inverted	reg	reg_1.00hz_0.000	0.0	reg_1.00hz_0.500	0.5	0	0	FALSE	491.81585693359400
mss_rev	richness_synthetic__256_1024	amp	amp_1.00hz_0.10	0.1	amp_1.00hz_0.10	0.1	0	0	TRUE	0.0
mss_rev	richness_synthetic__256_1024	amp	amp_1.00hz_0.10	0.1	amp_1.00hz_0.30	0.3	0	0	FALSE	84.2840805053711
mss_rev	richness_synthetic__256_1024	amp	amp_1.00hz_0.10	0.1	amp_1.00hz_0.50	0.5	0	0	FALSE	159.44357299804700
mss_rev	richness_synthetic__256_1024	amp	amp_1.00hz_0.10	0.1	amp_1.00hz_0.70	0.7	0	0	FALSE	228.3472900390630
mss_rev	richness_synthetic__256_1024	amp	amp_1.00hz_0.10	0.1	amp_1.00hz_0.90	0.9	0	0	FALSE	289.207763671875
mss_rev	richness_synthetic__256_1024	freq	freq_0.25hz	0.25	freq_0.25hz	0.25	0	0	TRUE	0.0
mss_rev	richness_synthetic__256_1024	freq	freq_0.25hz	0.25	freq_0.50hz	0.5	0	0	FALSE	416.6915283203130
mss_rev	richness_synthetic__256_1024	freq	freq_0.25hz	0.25	freq_1.00hz	1.0	0	0	FALSE	402.5886535644530
mss_rev	richness_synthetic__256_1024	freq	freq_0.25hz	0.25	freq_2.00hz	2.0	0	0	FALSE	398.6741027832030
mss_rev	richness_synthetic__256_1024	freq	freq_0.25hz	0.25	freq_4.00hz	4.0	0	0	FALSE	398.33148193359400
mss_rev	richness_synthetic__256_1024	reg	reg_1.00hz_0.000	0.0	reg_1.00hz_0.000	0.0	0	0	TRUE	0.0
mss_rev	richness_synthetic__256_1024	reg	reg_1.00hz_0.000	0.0	reg_1.00hz_0.125	0.125	0	0	FALSE	218.46524047851600
mss_rev	richness_synthetic__256_1024	reg	reg_1.00hz_0.000	0.0	reg_1.00hz_0.250	0.25	0	0	FALSE	357.8275451660160
mss_rev	richness_synthetic__256_1024	reg	reg_1.00hz_0.000	0.0	reg_1.00hz_0.375	0.375	0	0	FALSE	431.0732116699220
mss_rev	richness_synthetic__256_1024	reg	reg_1.00hz_0.000	0.0	reg_1.00hz_0.500	0.5	0	0	FALSE	460.070556640625
mss_rev	warmth_real__vintage__logue_saw__166_1024	amp	amp_1.00hz_0.10	0.1	amp_1.00hz_0.10	0.1	0	0	TRUE	0.0
mss_rev	warmth_real__vintage__logue_saw__166_1024	amp	amp_1.00hz_0.10	0.1	amp_1.00hz_0.30	0.3	0	0	FALSE	228.22555541992200
mss_rev	warmth_real__vintage__logue_saw__166_1024	amp	amp_1.00hz_0.10	0.1	amp_1.00hz_0.50	0.5	0	0	FALSE	288.9924011230470
mss_rev	warmth_real__vintage__logue_saw__166_1024	amp	amp_1.00hz_0.10	0.1	amp_1.00hz_0.70	0.7	0	0	FALSE	329.0977478027340
mss_rev	warmth_real__vintage__logue_saw__166_1024	amp	amp_1.00hz_0.10	0.1	amp_1.00hz_0.90	0.9	0	0	FALSE	358.114990234375
mss_rev	warmth_real__vintage__logue_saw__166_1024	freq	freq_0.25hz	0.25	freq_0.25hz	0.25	0	0	TRUE	0.0
mss_rev	warmth_real__vintage__logue_saw__166_1024	freq	freq_0.25hz	0.25	freq_0.50hz	0.5	0	0	FALSE	427.5489196777340
mss_rev	warmth_real__vintage__logue_saw__166_1024	freq	freq_0.25hz	0.25	freq_1.00hz	1.0	0	0	FALSE	424.1443176269530
mss_rev	warmth_real__vintage__logue_saw__166_1024	freq	freq_0.25hz	0.25	freq_2.00hz	2.0	0	0	FALSE	427.66522216796900
mss_rev	warmth_real__vintage__logue_saw__166_1024	freq	freq_0.25hz	0.25	freq_4.00hz	4.0	0	0	FALSE	427.9444580078130
mss_rev	warmth_real__vintage__logue_saw__166_1024	reg	reg_1.00hz_0.000	0.0	reg_1.00hz_0.000	0.0	0	0	TRUE	0.0
mss_rev	warmth_real__vintage__logue_saw__166_1024	reg	reg_1.00hz_0.000	0.0	reg_1.00hz_0.125	0.125	0	0	FALSE	344.5218505859380
mss_rev	warmth_real__vintage__logue_saw__166_1024	reg	reg_1.00hz_0.000	0.0	reg_1.00hz_0.250	0.25	0	0	FALSE	402.51507568359400
mss_rev	warmth_real__vintage__logue_saw__166_1024	reg	reg_1.00hz_0.000	0.0	reg_1.00hz_0.375	0.375	0	0	FALSE	441.8671569824220
mss_rev	warmth_real__vintage__logue_saw__166_1024	reg	reg_1.00hz_0.000	0.0	reg_1.00hz_0.500	0.5	0	0	FALSE	455.5113220214840
mss_rev	warmth_synthetic__256_1024	amp	amp_1.00hz_0.10	0.1	amp_1.00hz_0.10	0.1	0	0	TRUE	0.0
mss_rev	warmth_synthetic__256_1024	amp	amp_1.00hz_0.10	0.1	amp_1.00hz_0.30	0.3	0	0	FALSE	54.399051666259800
mss_rev	warmth_synthetic__256_1024	amp	amp_1.00hz_0.10	0.1	amp_1.00hz_0.50	0.5	0	0	FALSE	108.59675598144500
mss_rev	warmth_synthetic__256_1024	amp	amp_1.00hz_0.10	0.1	amp_1.00hz_0.70	0.7	0	0	FALSE	166.57757568359400
mss_rev	warmth_synthetic__256_1024	amp	amp_1.00hz_0.10	0.1	amp_1.00hz_0.90	0.9	0	0	FALSE	231.38645935058600
mss_rev	warmth_synthetic__256_1024	freq	freq_0.25hz	0.25	freq_0.25hz	0.25	0	0	TRUE	0.0
mss_rev	warmth_synthetic__256_1024	freq	freq_0.25hz	0.25	freq_0.50hz	0.5	0	0	FALSE	333.25
mss_rev	warmth_synthetic__256_1024	freq	freq_0.25hz	0.25	freq_1.00hz	1.0	0	0	FALSE	348.362060546875
mss_rev	warmth_synthetic__256_1024	freq	freq_0.25hz	0.25	freq_2.00hz	2.0	0	0	FALSE	348.171630859375
mss_rev	warmth_synthetic__256_1024	freq	freq_0.25hz	0.25	freq_4.00hz	4.0	0	0	FALSE	348.6737976074220
mss_rev	warmth_synthetic__256_1024	reg	reg_1.00hz_0.000	0.0	reg_1.00hz_0.000	0.0	0	0	TRUE	0.0
mss_rev	warmth_synthetic__256_1024	reg	reg_1.00hz_0.000	0.0	reg_1.00hz_0.125	0.125	0	0	FALSE	199.06777954101600
mss_rev	warmth_synthetic__256_1024	reg	reg_1.00hz_0.000	0.0	reg_1.00hz_0.250	0.25	0	0	FALSE	321.14208984375
mss_rev	warmth_synthetic__256_1024	reg	reg_1.00hz_0.000	0.0	reg_1.00hz_0.375	0.375	0	0	FALSE	372.5951843261720
mss_rev	warmth_synthetic__256_1024	reg	reg_1.00hz_0.000	0.0	reg_1.00hz_0.500	0.5	0	0	FALSE	390.2249755859380
mfcc	brightness_real__harmonics__synced_sines__256_1024	amp	amp_1.00hz_0.10	0.1	amp_1.00hz_0.10	0.1	0	0	TRUE	0.0
mfcc	brightness_real__harmonics__synced_sines__256_1024	amp	amp_1.00hz_0.10	0.1	amp_1.00hz_0.30	0.3	0	0	FALSE	1.1568759679794300
mfcc	brightness_real__harmonics__synced_sines__256_1024	amp	amp_1.00hz_0.10	0.1	amp_1.00hz_0.50	0.5	0	0	FALSE	1.8930742740631100
mfcc	brightness_real__harmonics__synced_sines__256_1024	amp	amp_1.00hz_0.10	0.1	amp_1.00hz_0.70	0.7	0	0	FALSE	2.633641242980960
mfcc	brightness_real__harmonics__synced_sines__256_1024	amp	amp_1.00hz_0.10	0.1	amp_1.00hz_0.90	0.9	0	0	FALSE	3.25465726852417
mfcc	brightness_real__harmonics__synced_sines__256_1024	freq	freq_0.25hz	0.25	freq_0.25hz	0.25	0	0	TRUE	0.0
mfcc	brightness_real__harmonics__synced_sines__256_1024	freq	freq_0.25hz	0.25	freq_0.50hz	0.5	0	0	FALSE	4.071968078613280
mfcc	brightness_real__harmonics__synced_sines__256_1024	freq	freq_0.25hz	0.25	freq_1.00hz	1.0	0	0	FALSE	4.033946990966800
mfcc	brightness_real__harmonics__synced_sines__256_1024	freq	freq_0.25hz	0.25	freq_2.00hz	2.0	0	0	FALSE	4.441819190979000
mfcc	brightness_real__harmonics__synced_sines__256_1024	freq	freq_0.25hz	0.25	freq_4.00hz	4.0	0	0	FALSE	4.935691833496090
mfcc	brightness_real__harmonics__synced_sines__256_1024	reg	reg_1.00hz_0.000	0.0	reg_1.00hz_0.000	0.0	0	0	TRUE	0.0
mfcc	brightness_real__harmonics__synced_sines__256_1024	reg	reg_1.00hz_0.000	0.0	reg_1.00hz_0.125	0.125	0	0	FALSE	2.446263074874880
mfcc	brightness_real__harmonics__synced_sines__256_1024	reg	reg_1.00hz_0.000	0.0	reg_1.00hz_0.250	0.25	0	0	FALSE	3.510270595550540
mfcc	brightness_real__harmonics__synced_sines__256_1024	reg	reg_1.00hz_0.000	0.0	reg_1.00hz_0.375	0.375	0	0	FALSE	4.049912929534910
mfcc	brightness_real__harmonics__synced_sines__256_1024	reg	reg_1.00hz_0.000	0.0	reg_1.00hz_0.500	0.5	0	0	FALSE	4.344136714935300
mfcc	brightness_synthetic__256_1024	amp	amp_1.00hz_0.10	0.1	amp_1.00hz_0.10	0.1	0	0	TRUE	0.0
mfcc	brightness_synthetic__256_1024	amp	amp_1.00hz_0.10	0.1	amp_1.00hz_0.30	0.3	0	0	FALSE	1.000311255455020
mfcc	brightness_synthetic__256_1024	amp	amp_1.00hz_0.10	0.1	amp_1.00hz_0.50	0.5	0	0	FALSE	1.814387559890750
mfcc	brightness_synthetic__256_1024	amp	amp_1.00hz_0.10	0.1	amp_1.00hz_0.70	0.7	0	0	FALSE	2.6048548221588100
mfcc	brightness_synthetic__256_1024	amp	amp_1.00hz_0.10	0.1	amp_1.00hz_0.90	0.9	0	0	FALSE	3.3265483379364000
mfcc	brightness_synthetic__256_1024	freq	freq_0.25hz	0.25	freq_0.25hz	0.25	0	0	TRUE	0.0
mfcc	brightness_synthetic__256_1024	freq	freq_0.25hz	0.25	freq_0.50hz	0.5	0	0	FALSE	4.659512519836430
mfcc	brightness_synthetic__256_1024	freq	freq_0.25hz	0.25	freq_1.00hz	1.0	0	0	FALSE	4.205788612365720
mfcc	brightness_synthetic__256_1024	freq	freq_0.25hz	0.25	freq_2.00hz	2.0	0	0	FALSE	4.255825042724610
mfcc	brightness_synthetic__256_1024	freq	freq_0.25hz	0.25	freq_4.00hz	4.0	0	0	FALSE	4.298608779907230
mfcc	brightness_synthetic__256_1024	reg	reg_1.00hz_0.000	0.0	reg_1.00hz_0.000	0.0	0	0	TRUE	0.0
mfcc	brightness_synthetic__256_1024	reg	reg_1.00hz_0.000	0.0	reg_1.00hz_0.125	0.125	0	0	FALSE	2.4476122856140100
mfcc	brightness_synthetic__256_1024	reg	reg_1.00hz_0.000	0.0	reg_1.00hz_0.250	0.25	0	0	FALSE	3.928272008895870
mfcc	brightness_synthetic__256_1024	reg	reg_1.00hz_0.000	0.0	reg_1.00hz_0.375	0.375	0	0	FALSE	4.712362289428710
mfcc	brightness_synthetic__256_1024	reg	reg_1.00hz_0.000	0.0	reg_1.00hz_0.500	0.5	0	0	FALSE	5.090165138244630
mfcc	richness_real__filter__acid_saw__46_1024__inverted	amp	amp_1.00hz_0.10	0.1	amp_1.00hz_0.10	0.1	0	0	TRUE	0.0
mfcc	richness_real__filter__acid_saw__46_1024__inverted	amp	amp_1.00hz_0.10	0.1	amp_1.00hz_0.30	0.3	0	0	FALSE	0.48267680406570400
mfcc	richness_real__filter__acid_saw__46_1024__inverted	amp	amp_1.00hz_0.10	0.1	amp_1.00hz_0.50	0.5	0	0	FALSE	0.8491019606590270
mfcc	richness_real__filter__acid_saw__46_1024__inverted	amp	amp_1.00hz_0.10	0.1	amp_1.00hz_0.70	0.7	0	0	FALSE	1.1892553567886400
mfcc	richness_real__filter__acid_saw__46_1024__inverted	amp	amp_1.00hz_0.10	0.1	amp_1.00hz_0.90	0.9	0	0	FALSE	1.538069248199460
mfcc	richness_real__filter__acid_saw__46_1024__inverted	freq	freq_0.25hz	0.25	freq_0.25hz	0.25	0	0	TRUE	0.0
mfcc	richness_real__filter__acid_saw__46_1024__inverted	freq	freq_0.25hz	0.25	freq_0.50hz	0.5	0	0	FALSE	2.2384109497070300
mfcc	richness_real__filter__acid_saw__46_1024__inverted	freq	freq_0.25hz	0.25	freq_1.00hz	1.0	0	0	FALSE	2.2248919010162400
mfcc	richness_real__filter__acid_saw__46_1024__inverted	freq	freq_0.25hz	0.25	freq_2.00hz	2.0	0	0	FALSE	2.21848201751709
mfcc	richness_real__filter__acid_saw__46_1024__inverted	freq	freq_0.25hz	0.25	freq_4.00hz	4.0	0	0	FALSE	2.2339560985565200
mfcc	richness_real__filter__acid_saw__46_1024__inverted	reg	reg_1.00hz_0.000	0.0	reg_1.00hz_0.000	0.0	0	0	TRUE	0.0
mfcc	richness_real__filter__acid_saw__46_1024__inverted	reg	reg_1.00hz_0.000	0.0	reg_1.00hz_0.125	0.125	0	0	FALSE	1.2596325874328600
mfcc	richness_real__filter__acid_saw__46_1024__inverted	reg	reg_1.00hz_0.000	0.0	reg_1.00hz_0.250	0.25	0	0	FALSE	2.02117919921875
mfcc	richness_real__filter__acid_saw__46_1024__inverted	reg	reg_1.00hz_0.000	0.0	reg_1.00hz_0.375	0.375	0	0	FALSE	2.4781277179718000
mfcc	richness_real__filter__acid_saw__46_1024__inverted	reg	reg_1.00hz_0.000	0.0	reg_1.00hz_0.500	0.5	0	0	FALSE	2.670644998550420
mfcc	richness_synthetic__256_1024	amp	amp_1.00hz_0.10	0.1	amp_1.00hz_0.10	0.1	0	0	TRUE	0.0
mfcc	richness_synthetic__256_1024	amp	amp_1.00hz_0.10	0.1	amp_1.00hz_0.30	0.3	0	0	FALSE	1.1484860181808500
mfcc	richness_synthetic__256_1024	amp	amp_1.00hz_0.10	0.1	amp_1.00hz_0.50	0.5	0	0	FALSE	2.1540334224700900
mfcc	richness_synthetic__256_1024	amp	amp_1.00hz_0.10	0.1	amp_1.00hz_0.70	0.7	0	0	FALSE	2.867659091949460
mfcc	richness_synthetic__256_1024	amp	amp_1.00hz_0.10	0.1	amp_1.00hz_0.90	0.9	0	0	FALSE	3.4441065788269000
mfcc	richness_synthetic__256_1024	freq	freq_0.25hz	0.25	freq_0.25hz	0.25	0	0	TRUE	0.0
mfcc	richness_synthetic__256_1024	freq	freq_0.25hz	0.25	freq_0.50hz	0.5	0	0	FALSE	4.540812015533450
mfcc	richness_synthetic__256_1024	freq	freq_0.25hz	0.25	freq_1.00hz	1.0	0	0	FALSE	4.56470251083374
mfcc	richness_synthetic__256_1024	freq	freq_0.25hz	0.25	freq_2.00hz	2.0	0	0	FALSE	4.407006740570070
mfcc	richness_synthetic__256_1024	freq	freq_0.25hz	0.25	freq_4.00hz	4.0	0	0	FALSE	4.2645978927612300
mfcc	richness_synthetic__256_1024	reg	reg_1.00hz_0.000	0.0	reg_1.00hz_0.000	0.0	0	0	TRUE	0.0
mfcc	richness_synthetic__256_1024	reg	reg_1.00hz_0.000	0.0	reg_1.00hz_0.125	0.125	0	0	FALSE	2.5399553775787400
mfcc	richness_synthetic__256_1024	reg	reg_1.00hz_0.000	0.0	reg_1.00hz_0.250	0.25	0	0	FALSE	3.934481620788570
mfcc	richness_synthetic__256_1024	reg	reg_1.00hz_0.000	0.0	reg_1.00hz_0.375	0.375	0	0	FALSE	4.874658584594730
mfcc	richness_synthetic__256_1024	reg	reg_1.00hz_0.000	0.0	reg_1.00hz_0.500	0.5	0	0	FALSE	5.29615592956543
mfcc	warmth_real__vintage__logue_saw__166_1024	amp	amp_1.00hz_0.10	0.1	amp_1.00hz_0.10	0.1	0	0	TRUE	0.0
mfcc	warmth_real__vintage__logue_saw__166_1024	amp	amp_1.00hz_0.10	0.1	amp_1.00hz_0.30	0.3	0	0	FALSE	0.6742604970932010
mfcc	warmth_real__vintage__logue_saw__166_1024	amp	amp_1.00hz_0.10	0.1	amp_1.00hz_0.50	0.5	0	0	FALSE	0.8103047013282780
mfcc	warmth_real__vintage__logue_saw__166_1024	amp	amp_1.00hz_0.10	0.1	amp_1.00hz_0.70	0.7	0	0	FALSE	0.8935217261314390
mfcc	warmth_real__vintage__logue_saw__166_1024	amp	amp_1.00hz_0.10	0.1	amp_1.00hz_0.90	0.9	0	0	FALSE	0.9273241758346560
mfcc	warmth_real__vintage__logue_saw__166_1024	freq	freq_0.25hz	0.25	freq_0.25hz	0.25	0	0	TRUE	0.0
mfcc	warmth_real__vintage__logue_saw__166_1024	freq	freq_0.25hz	0.25	freq_0.50hz	0.5	0	0	FALSE	1.0859577655792200
mfcc	warmth_real__vintage__logue_saw__166_1024	freq	freq_0.25hz	0.25	freq_1.00hz	1.0	0	0	FALSE	1.0328549146652200
mfcc	warmth_real__vintage__logue_saw__166_1024	freq	freq_0.25hz	0.25	freq_2.00hz	2.0	0	0	FALSE	1.0436439514160200
mfcc	warmth_real__vintage__logue_saw__166_1024	freq	freq_0.25hz	0.25	freq_4.00hz	4.0	0	0	FALSE	1.027750849723820
mfcc	warmth_real__vintage__logue_saw__166_1024	reg	reg_1.00hz_0.000	0.0	reg_1.00hz_0.000	0.0	0	0	TRUE	0.0
mfcc	warmth_real__vintage__logue_saw__166_1024	reg	reg_1.00hz_0.000	0.0	reg_1.00hz_0.125	0.125	0	0	FALSE	0.8582308888435360
mfcc	warmth_real__vintage__logue_saw__166_1024	reg	reg_1.00hz_0.000	0.0	reg_1.00hz_0.250	0.25	0	0	FALSE	0.971634030342102
mfcc	warmth_real__vintage__logue_saw__166_1024	reg	reg_1.00hz_0.000	0.0	reg_1.00hz_0.375	0.375	0	0	FALSE	1.0766574144363400
mfcc	warmth_real__vintage__logue_saw__166_1024	reg	reg_1.00hz_0.000	0.0	reg_1.00hz_0.500	0.5	0	0	FALSE	1.124470591545110
mfcc	warmth_synthetic__256_1024	amp	amp_1.00hz_0.10	0.1	amp_1.00hz_0.10	0.1	0	0	TRUE	0.0
mfcc	warmth_synthetic__256_1024	amp	amp_1.00hz_0.10	0.1	amp_1.00hz_0.30	0.3	0	0	FALSE	0.06944593042135240
mfcc	warmth_synthetic__256_1024	amp	amp_1.00hz_0.10	0.1	amp_1.00hz_0.50	0.5	0	0	FALSE	0.09982715547084810
mfcc	warmth_synthetic__256_1024	amp	amp_1.00hz_0.10	0.1	amp_1.00hz_0.70	0.7	0	0	FALSE	0.14804702997207600
mfcc	warmth_synthetic__256_1024	amp	amp_1.00hz_0.10	0.1	amp_1.00hz_0.90	0.9	0	0	FALSE	0.21521490812301600
mfcc	warmth_synthetic__256_1024	freq	freq_0.25hz	0.25	freq_0.25hz	0.25	0	0	TRUE	0.0
mfcc	warmth_synthetic__256_1024	freq	freq_0.25hz	0.25	freq_0.50hz	0.5	0	0	FALSE	0.32052546739578200
mfcc	warmth_synthetic__256_1024	freq	freq_0.25hz	0.25	freq_1.00hz	1.0	0	0	FALSE	0.3856664001941680
mfcc	warmth_synthetic__256_1024	freq	freq_0.25hz	0.25	freq_2.00hz	2.0	0	0	FALSE	0.39166247844696000
mfcc	warmth_synthetic__256_1024	freq	freq_0.25hz	0.25	freq_4.00hz	4.0	0	0	FALSE	0.38835254311561600
mfcc	warmth_synthetic__256_1024	reg	reg_1.00hz_0.000	0.0	reg_1.00hz_0.000	0.0	0	0	TRUE	0.0
mfcc	warmth_synthetic__256_1024	reg	reg_1.00hz_0.000	0.0	reg_1.00hz_0.125	0.125	0	0	FALSE	0.22676490247249600
mfcc	warmth_synthetic__256_1024	reg	reg_1.00hz_0.000	0.0	reg_1.00hz_0.250	0.25	0	0	FALSE	0.345581591129303
mfcc	warmth_synthetic__256_1024	reg	reg_1.00hz_0.000	0.0	reg_1.00hz_0.375	0.375	0	0	FALSE	0.41177189350128200
mfcc	warmth_synthetic__256_1024	reg	reg_1.00hz_0.000	0.0	reg_1.00hz_0.500	0.5	0	0	FALSE	0.4389091432094570
scat1d	brightness_real__harmonics__synced_sines__256_1024	amp	amp_1.00hz_0.10	0.1	amp_1.00hz_0.10	0.1	0	0	TRUE	0.0
scat1d	brightness_real__harmonics__synced_sines__256_1024	amp	amp_1.00hz_0.10	0.1	amp_1.00hz_0.30	0.3	0	0	FALSE	0.2225319445133210
scat1d	brightness_real__harmonics__synced_sines__256_1024	amp	amp_1.00hz_0.10	0.1	amp_1.00hz_0.50	0.5	0	0	FALSE	0.4431793093681340
scat1d	brightness_real__harmonics__synced_sines__256_1024	amp	amp_1.00hz_0.10	0.1	amp_1.00hz_0.70	0.7	0	0	FALSE	0.6901935338974000
scat1d	brightness_real__harmonics__synced_sines__256_1024	amp	amp_1.00hz_0.10	0.1	amp_1.00hz_0.90	0.9	0	0	FALSE	0.909787118434906
scat1d	brightness_real__harmonics__synced_sines__256_1024	freq	freq_0.25hz	0.25	freq_0.25hz	0.25	0	0	TRUE	0.0
scat1d	brightness_real__harmonics__synced_sines__256_1024	freq	freq_0.25hz	0.25	freq_0.50hz	0.5	0	0	FALSE	0.8579372763633730
scat1d	brightness_real__harmonics__synced_sines__256_1024	freq	freq_0.25hz	0.25	freq_1.00hz	1.0	0	0	FALSE	1.0810368061065700
scat1d	brightness_real__harmonics__synced_sines__256_1024	freq	freq_0.25hz	0.25	freq_2.00hz	2.0	0	0	FALSE	1.5034762620925900
scat1d	brightness_real__harmonics__synced_sines__256_1024	freq	freq_0.25hz	0.25	freq_4.00hz	4.0	0	0	FALSE	1.7776920795440700
scat1d	brightness_real__harmonics__synced_sines__256_1024	reg	reg_1.00hz_0.000	0.0	reg_1.00hz_0.000	0.0	0	0	TRUE	0.0
scat1d	brightness_real__harmonics__synced_sines__256_1024	reg	reg_1.00hz_0.000	0.0	reg_1.00hz_0.125	0.125	0	0	FALSE	0.2886369526386260
scat1d	brightness_real__harmonics__synced_sines__256_1024	reg	reg_1.00hz_0.000	0.0	reg_1.00hz_0.250	0.25	0	0	FALSE	0.5159698724746700
scat1d	brightness_real__harmonics__synced_sines__256_1024	reg	reg_1.00hz_0.000	0.0	reg_1.00hz_0.375	0.375	0	0	FALSE	0.6880825757980350
scat1d	brightness_real__harmonics__synced_sines__256_1024	reg	reg_1.00hz_0.000	0.0	reg_1.00hz_0.500	0.5	0	0	FALSE	0.8092515468597410
scat1d	brightness_synthetic__256_1024	amp	amp_1.00hz_0.10	0.1	amp_1.00hz_0.10	0.1	0	0	TRUE	0.0
scat1d	brightness_synthetic__256_1024	amp	amp_1.00hz_0.10	0.1	amp_1.00hz_0.30	0.3	0	0	FALSE	0.2318399399518970
scat1d	brightness_synthetic__256_1024	amp	amp_1.00hz_0.10	0.1	amp_1.00hz_0.50	0.5	0	0	FALSE	0.4247809052467350
scat1d	brightness_synthetic__256_1024	amp	amp_1.00hz_0.10	0.1	amp_1.00hz_0.70	0.7	0	0	FALSE	0.6078247427940370
scat1d	brightness_synthetic__256_1024	amp	amp_1.00hz_0.10	0.1	amp_1.00hz_0.90	0.9	0	0	FALSE	0.7828677296638490
scat1d	brightness_synthetic__256_1024	freq	freq_0.25hz	0.25	freq_0.25hz	0.25	0	0	TRUE	0.0
scat1d	brightness_synthetic__256_1024	freq	freq_0.25hz	0.25	freq_0.50hz	0.5	0	0	FALSE	0.7778768539428710
scat1d	brightness_synthetic__256_1024	freq	freq_0.25hz	0.25	freq_1.00hz	1.0	0	0	FALSE	0.9448695182800290
scat1d	brightness_synthetic__256_1024	freq	freq_0.25hz	0.25	freq_2.00hz	2.0	0	0	FALSE	1.3766777515411400
scat1d	brightness_synthetic__256_1024	freq	freq_0.25hz	0.25	freq_4.00hz	4.0	0	0	FALSE	1.7555391788482700
scat1d	brightness_synthetic__256_1024	reg	reg_1.00hz_0.000	0.0	reg_1.00hz_0.000	0.0	0	0	TRUE	0.0
scat1d	brightness_synthetic__256_1024	reg	reg_1.00hz_0.000	0.0	reg_1.00hz_0.125	0.125	0	0	FALSE	0.2261080145835880
scat1d	brightness_synthetic__256_1024	reg	reg_1.00hz_0.000	0.0	reg_1.00hz_0.250	0.25	0	0	FALSE	0.425943374633789
scat1d	brightness_synthetic__256_1024	reg	reg_1.00hz_0.000	0.0	reg_1.00hz_0.375	0.375	0	0	FALSE	0.5832090377807620
scat1d	brightness_synthetic__256_1024	reg	reg_1.00hz_0.000	0.0	reg_1.00hz_0.500	0.5	0	0	FALSE	0.7039945125579830
scat1d	richness_real__filter__acid_saw__46_1024__inverted	amp	amp_1.00hz_0.10	0.1	amp_1.00hz_0.10	0.1	0	0	TRUE	0.0
scat1d	richness_real__filter__acid_saw__46_1024__inverted	amp	amp_1.00hz_0.10	0.1	amp_1.00hz_0.30	0.3	0	0	FALSE	0.1362109780311580
scat1d	richness_real__filter__acid_saw__46_1024__inverted	amp	amp_1.00hz_0.10	0.1	amp_1.00hz_0.50	0.5	0	0	FALSE	0.2876136898994450
scat1d	richness_real__filter__acid_saw__46_1024__inverted	amp	amp_1.00hz_0.10	0.1	amp_1.00hz_0.70	0.7	0	0	FALSE	0.445486456155777
scat1d	richness_real__filter__acid_saw__46_1024__inverted	amp	amp_1.00hz_0.10	0.1	amp_1.00hz_0.90	0.9	0	0	FALSE	0.7336966395378110
scat1d	richness_real__filter__acid_saw__46_1024__inverted	freq	freq_0.25hz	0.25	freq_0.25hz	0.25	0	0	TRUE	0.0
scat1d	richness_real__filter__acid_saw__46_1024__inverted	freq	freq_0.25hz	0.25	freq_0.50hz	0.5	0	0	FALSE	0.8773558735847470
scat1d	richness_real__filter__acid_saw__46_1024__inverted	freq	freq_0.25hz	0.25	freq_1.00hz	1.0	0	0	FALSE	0.9786564111709600
scat1d	richness_real__filter__acid_saw__46_1024__inverted	freq	freq_0.25hz	0.25	freq_2.00hz	2.0	0	0	FALSE	1.2597157955169700
scat1d	richness_real__filter__acid_saw__46_1024__inverted	freq	freq_0.25hz	0.25	freq_4.00hz	4.0	0	0	FALSE	1.5720758438110400
scat1d	richness_real__filter__acid_saw__46_1024__inverted	reg	reg_1.00hz_0.000	0.0	reg_1.00hz_0.000	0.0	0	0	TRUE	0.0
scat1d	richness_real__filter__acid_saw__46_1024__inverted	reg	reg_1.00hz_0.000	0.0	reg_1.00hz_0.125	0.125	0	0	FALSE	0.2868612110614780
scat1d	richness_real__filter__acid_saw__46_1024__inverted	reg	reg_1.00hz_0.000	0.0	reg_1.00hz_0.250	0.25	0	0	FALSE	0.5360465049743650
scat1d	richness_real__filter__acid_saw__46_1024__inverted	reg	reg_1.00hz_0.000	0.0	reg_1.00hz_0.375	0.375	0	0	FALSE	0.7216388583183290
scat1d	richness_real__filter__acid_saw__46_1024__inverted	reg	reg_1.00hz_0.000	0.0	reg_1.00hz_0.500	0.5	0	0	FALSE	0.8279532790184020
scat1d	richness_synthetic__256_1024	amp	amp_1.00hz_0.10	0.1	amp_1.00hz_0.10	0.1	0	0	TRUE	0.0
scat1d	richness_synthetic__256_1024	amp	amp_1.00hz_0.10	0.1	amp_1.00hz_0.30	0.3	0	0	FALSE	0.0992643535137176
scat1d	richness_synthetic__256_1024	amp	amp_1.00hz_0.10	0.1	amp_1.00hz_0.50	0.5	0	0	FALSE	0.2044455111026760
scat1d	richness_synthetic__256_1024	amp	amp_1.00hz_0.10	0.1	amp_1.00hz_0.70	0.7	0	0	FALSE	0.3145398795604710
scat1d	richness_synthetic__256_1024	amp	amp_1.00hz_0.10	0.1	amp_1.00hz_0.90	0.9	0	0	FALSE	0.4237364530563350
scat1d	richness_synthetic__256_1024	freq	freq_0.25hz	0.25	freq_0.25hz	0.25	0	0	TRUE	0.0
scat1d	richness_synthetic__256_1024	freq	freq_0.25hz	0.25	freq_0.50hz	0.5	0	0	FALSE	0.5292917490005490
scat1d	richness_synthetic__256_1024	freq	freq_0.25hz	0.25	freq_1.00hz	1.0	0	0	FALSE	0.5782450437545780
scat1d	richness_synthetic__256_1024	freq	freq_0.25hz	0.25	freq_2.00hz	2.0	0	0	FALSE	0.7909060120582580
scat1d	richness_synthetic__256_1024	freq	freq_0.25hz	0.25	freq_4.00hz	4.0	0	0	FALSE	1.0513556003570600
scat1d	richness_synthetic__256_1024	reg	reg_1.00hz_0.000	0.0	reg_1.00hz_0.000	0.0	0	0	TRUE	0.0
scat1d	richness_synthetic__256_1024	reg	reg_1.00hz_0.000	0.0	reg_1.00hz_0.125	0.125	0	0	FALSE	0.1653777062892910
scat1d	richness_synthetic__256_1024	reg	reg_1.00hz_0.000	0.0	reg_1.00hz_0.250	0.25	0	0	FALSE	0.3171508312225340
scat1d	richness_synthetic__256_1024	reg	reg_1.00hz_0.000	0.0	reg_1.00hz_0.375	0.375	0	0	FALSE	0.4354631304740910
scat1d	richness_synthetic__256_1024	reg	reg_1.00hz_0.000	0.0	reg_1.00hz_0.500	0.5	0	0	FALSE	0.5096909403800960
scat1d	warmth_real__vintage__logue_saw__166_1024	amp	amp_1.00hz_0.10	0.1	amp_1.00hz_0.10	0.1	0	0	TRUE	0.0
scat1d	warmth_real__vintage__logue_saw__166_1024	amp	amp_1.00hz_0.10	0.1	amp_1.00hz_0.30	0.3	0	0	FALSE	0.3521843552589420
scat1d	warmth_real__vintage__logue_saw__166_1024	amp	amp_1.00hz_0.10	0.1	amp_1.00hz_0.50	0.5	0	0	FALSE	0.5332334041595460
scat1d	warmth_real__vintage__logue_saw__166_1024	amp	amp_1.00hz_0.10	0.1	amp_1.00hz_0.70	0.7	0	0	FALSE	0.6557587385177610
scat1d	warmth_real__vintage__logue_saw__166_1024	amp	amp_1.00hz_0.10	0.1	amp_1.00hz_0.90	0.9	0	0	FALSE	0.7960472106933590
scat1d	warmth_real__vintage__logue_saw__166_1024	freq	freq_0.25hz	0.25	freq_0.25hz	0.25	0	0	TRUE	0.0
scat1d	warmth_real__vintage__logue_saw__166_1024	freq	freq_0.25hz	0.25	freq_0.50hz	0.5	0	0	FALSE	0.7178052663803100
scat1d	warmth_real__vintage__logue_saw__166_1024	freq	freq_0.25hz	0.25	freq_1.00hz	1.0	0	0	FALSE	0.9487821459770200
scat1d	warmth_real__vintage__logue_saw__166_1024	freq	freq_0.25hz	0.25	freq_2.00hz	2.0	0	0	FALSE	1.2186423540115400
scat1d	warmth_real__vintage__logue_saw__166_1024	freq	freq_0.25hz	0.25	freq_4.00hz	4.0	0	0	FALSE	1.4730470180511500
scat1d	warmth_real__vintage__logue_saw__166_1024	reg	reg_1.00hz_0.000	0.0	reg_1.00hz_0.000	0.0	0	0	TRUE	0.0
scat1d	warmth_real__vintage__logue_saw__166_1024	reg	reg_1.00hz_0.000	0.0	reg_1.00hz_0.125	0.125	0	0	FALSE	0.2615998685359960
scat1d	warmth_real__vintage__logue_saw__166_1024	reg	reg_1.00hz_0.000	0.0	reg_1.00hz_0.250	0.25	0	0	FALSE	0.4500700831413270
scat1d	warmth_real__vintage__logue_saw__166_1024	reg	reg_1.00hz_0.000	0.0	reg_1.00hz_0.375	0.375	0	0	FALSE	0.5882737040519710
scat1d	warmth_real__vintage__logue_saw__166_1024	reg	reg_1.00hz_0.000	0.0	reg_1.00hz_0.500	0.5	0	0	FALSE	0.6761899590492250
scat1d	warmth_synthetic__256_1024	amp	amp_1.00hz_0.10	0.1	amp_1.00hz_0.10	0.1	0	0	TRUE	0.0
scat1d	warmth_synthetic__256_1024	amp	amp_1.00hz_0.10	0.1	amp_1.00hz_0.30	0.3	0	0	FALSE	0.0627206787467002
scat1d	warmth_synthetic__256_1024	amp	amp_1.00hz_0.10	0.1	amp_1.00hz_0.50	0.5	0	0	FALSE	0.1375652551651000
scat1d	warmth_synthetic__256_1024	amp	amp_1.00hz_0.10	0.1	amp_1.00hz_0.70	0.7	0	0	FALSE	0.2308299839496610
scat1d	warmth_synthetic__256_1024	amp	amp_1.00hz_0.10	0.1	amp_1.00hz_0.90	0.9	0	0	FALSE	0.3537673354148870
scat1d	warmth_synthetic__256_1024	freq	freq_0.25hz	0.25	freq_0.25hz	0.25	0	0	TRUE	0.0
scat1d	warmth_synthetic__256_1024	freq	freq_0.25hz	0.25	freq_0.50hz	0.5	0	0	FALSE	0.4221419095993040
scat1d	warmth_synthetic__256_1024	freq	freq_0.25hz	0.25	freq_1.00hz	1.0	0	0	FALSE	0.4742127954959870
scat1d	warmth_synthetic__256_1024	freq	freq_0.25hz	0.25	freq_2.00hz	2.0	0	0	FALSE	0.5872926712036130
scat1d	warmth_synthetic__256_1024	freq	freq_0.25hz	0.25	freq_4.00hz	4.0	0	0	FALSE	0.7416562438011170
scat1d	warmth_synthetic__256_1024	reg	reg_1.00hz_0.000	0.0	reg_1.00hz_0.000	0.0	0	0	TRUE	0.0
scat1d	warmth_synthetic__256_1024	reg	reg_1.00hz_0.000	0.0	reg_1.00hz_0.125	0.125	0	0	FALSE	0.1271436661481860
scat1d	warmth_synthetic__256_1024	reg	reg_1.00hz_0.000	0.0	reg_1.00hz_0.250	0.25	0	0	FALSE	0.2357261478900910
scat1d	warmth_synthetic__256_1024	reg	reg_1.00hz_0.000	0.0	reg_1.00hz_0.375	0.375	0	0	FALSE	0.3125866055488590
scat1d	warmth_synthetic__256_1024	reg	reg_1.00hz_0.000	0.0	reg_1.00hz_0.500	0.5	0	0	FALSE	0.3631276190280910
jtfs	brightness_real__harmonics__synced_sines__256_1024	amp	amp_1.00hz_0.10	0.1	amp_1.00hz_0.10	0.1	0	0	TRUE	0.0
jtfs	brightness_real__harmonics__synced_sines__256_1024	amp	amp_1.00hz_0.10	0.1	amp_1.00hz_0.30	0.3	0	0	FALSE	0.0869500860571861
jtfs	brightness_real__harmonics__synced_sines__256_1024	amp	amp_1.00hz_0.10	0.1	amp_1.00hz_0.50	0.5	0	0	FALSE	0.1562713682651520
jtfs	brightness_real__harmonics__synced_sines__256_1024	amp	amp_1.00hz_0.10	0.1	amp_1.00hz_0.70	0.7	0	0	FALSE	0.2332357317209240
jtfs	brightness_real__harmonics__synced_sines__256_1024	amp	amp_1.00hz_0.10	0.1	amp_1.00hz_0.90	0.9	0	0	FALSE	0.2995609641075130
jtfs	brightness_real__harmonics__synced_sines__256_1024	freq	freq_0.25hz	0.25	freq_0.25hz	0.25	0	0	TRUE	0.0
jtfs	brightness_real__harmonics__synced_sines__256_1024	freq	freq_0.25hz	0.25	freq_0.50hz	0.5	0	0	FALSE	0.2787701189517980
jtfs	brightness_real__harmonics__synced_sines__256_1024	freq	freq_0.25hz	0.25	freq_1.00hz	1.0	0	0	FALSE	0.3767914772033690
jtfs	brightness_real__harmonics__synced_sines__256_1024	freq	freq_0.25hz	0.25	freq_2.00hz	2.0	0	0	FALSE	0.5522856116294860
jtfs	brightness_real__harmonics__synced_sines__256_1024	freq	freq_0.25hz	0.25	freq_4.00hz	4.0	0	0	FALSE	0.6866830587387090
jtfs	brightness_real__harmonics__synced_sines__256_1024	reg	reg_1.00hz_0.000	0.0	reg_1.00hz_0.000	0.0	0	0	TRUE	0.0
jtfs	brightness_real__harmonics__synced_sines__256_1024	reg	reg_1.00hz_0.000	0.0	reg_1.00hz_0.125	0.125	0	0	FALSE	0.1195992603898050
jtfs	brightness_real__harmonics__synced_sines__256_1024	reg	reg_1.00hz_0.000	0.0	reg_1.00hz_0.250	0.25	0	0	FALSE	0.2226755917072300
jtfs	brightness_real__harmonics__synced_sines__256_1024	reg	reg_1.00hz_0.000	0.0	reg_1.00hz_0.375	0.375	0	0	FALSE	0.2999436557292940
jtfs	brightness_real__harmonics__synced_sines__256_1024	reg	reg_1.00hz_0.000	0.0	reg_1.00hz_0.500	0.5	0	0	FALSE	0.3507460653781890
jtfs	brightness_synthetic__256_1024	amp	amp_1.00hz_0.10	0.1	amp_1.00hz_0.10	0.1	0	0	TRUE	0.0
jtfs	brightness_synthetic__256_1024	amp	amp_1.00hz_0.10	0.1	amp_1.00hz_0.30	0.3	0	0	FALSE	0.0869310200214386
jtfs	brightness_synthetic__256_1024	amp	amp_1.00hz_0.10	0.1	amp_1.00hz_0.50	0.5	0	0	FALSE	0.1647968739271160
jtfs	brightness_synthetic__256_1024	amp	amp_1.00hz_0.10	0.1	amp_1.00hz_0.70	0.7	0	0	FALSE	0.2459103018045430
jtfs	brightness_synthetic__256_1024	amp	amp_1.00hz_0.10	0.1	amp_1.00hz_0.90	0.9	0	0	FALSE	0.318059504032135
jtfs	brightness_synthetic__256_1024	freq	freq_0.25hz	0.25	freq_0.25hz	0.25	0	0	TRUE	0.0
jtfs	brightness_synthetic__256_1024	freq	freq_0.25hz	0.25	freq_0.50hz	0.5	0	0	FALSE	0.2848493456840520
jtfs	brightness_synthetic__256_1024	freq	freq_0.25hz	0.25	freq_1.00hz	1.0	0	0	FALSE	0.3862347900867460
jtfs	brightness_synthetic__256_1024	freq	freq_0.25hz	0.25	freq_2.00hz	2.0	0	0	FALSE	0.5617536902427670
jtfs	brightness_synthetic__256_1024	freq	freq_0.25hz	0.25	freq_4.00hz	4.0	0	0	FALSE	0.6895566582679750
jtfs	brightness_synthetic__256_1024	reg	reg_1.00hz_0.000	0.0	reg_1.00hz_0.000	0.0	0	0	TRUE	0.0
jtfs	brightness_synthetic__256_1024	reg	reg_1.00hz_0.000	0.0	reg_1.00hz_0.125	0.125	0	0	FALSE	0.1142348051071170
jtfs	brightness_synthetic__256_1024	reg	reg_1.00hz_0.000	0.0	reg_1.00hz_0.250	0.25	0	0	FALSE	0.2172313928604130
jtfs	brightness_synthetic__256_1024	reg	reg_1.00hz_0.000	0.0	reg_1.00hz_0.375	0.375	0	0	FALSE	0.2958663702011110
jtfs	brightness_synthetic__256_1024	reg	reg_1.00hz_0.000	0.0	reg_1.00hz_0.500	0.5	0	0	FALSE	0.3430093228816990
jtfs	richness_real__filter__acid_saw__46_1024__inverted	amp	amp_1.00hz_0.10	0.1	amp_1.00hz_0.10	0.1	0	0	TRUE	0.0
jtfs	richness_real__filter__acid_saw__46_1024__inverted	amp	amp_1.00hz_0.10	0.1	amp_1.00hz_0.30	0.3	0	0	FALSE	0.0519653521478176
jtfs	richness_real__filter__acid_saw__46_1024__inverted	amp	amp_1.00hz_0.10	0.1	amp_1.00hz_0.50	0.5	0	0	FALSE	0.108170248568058
jtfs	richness_real__filter__acid_saw__46_1024__inverted	amp	amp_1.00hz_0.10	0.1	amp_1.00hz_0.70	0.7	0	0	FALSE	0.1649101376533510
jtfs	richness_real__filter__acid_saw__46_1024__inverted	amp	amp_1.00hz_0.10	0.1	amp_1.00hz_0.90	0.9	0	0	FALSE	0.2444055378437040
jtfs	richness_real__filter__acid_saw__46_1024__inverted	freq	freq_0.25hz	0.25	freq_0.25hz	0.25	0	0	TRUE	0.0
jtfs	richness_real__filter__acid_saw__46_1024__inverted	freq	freq_0.25hz	0.25	freq_0.50hz	0.5	0	0	FALSE	0.3232972323894500
jtfs	richness_real__filter__acid_saw__46_1024__inverted	freq	freq_0.25hz	0.25	freq_1.00hz	1.0	0	0	FALSE	0.3397332429885860
jtfs	richness_real__filter__acid_saw__46_1024__inverted	freq	freq_0.25hz	0.25	freq_2.00hz	2.0	0	0	FALSE	0.4116784334182740
jtfs	richness_real__filter__acid_saw__46_1024__inverted	freq	freq_0.25hz	0.25	freq_4.00hz	4.0	0	0	FALSE	0.5039892792701720
jtfs	richness_real__filter__acid_saw__46_1024__inverted	reg	reg_1.00hz_0.000	0.0	reg_1.00hz_0.000	0.0	0	0	TRUE	0.0
jtfs	richness_real__filter__acid_saw__46_1024__inverted	reg	reg_1.00hz_0.000	0.0	reg_1.00hz_0.125	0.125	0	0	FALSE	0.1071544587612150
jtfs	richness_real__filter__acid_saw__46_1024__inverted	reg	reg_1.00hz_0.000	0.0	reg_1.00hz_0.250	0.25	0	0	FALSE	0.2042739987373350
jtfs	richness_real__filter__acid_saw__46_1024__inverted	reg	reg_1.00hz_0.000	0.0	reg_1.00hz_0.375	0.375	0	0	FALSE	0.2785532176494600
jtfs	richness_real__filter__acid_saw__46_1024__inverted	reg	reg_1.00hz_0.000	0.0	reg_1.00hz_0.500	0.5	0	0	FALSE	0.3203483819961550
jtfs	richness_synthetic__256_1024	amp	amp_1.00hz_0.10	0.1	amp_1.00hz_0.10	0.1	0	0	TRUE	0.0
jtfs	richness_synthetic__256_1024	amp	amp_1.00hz_0.10	0.1	amp_1.00hz_0.30	0.3	0	0	FALSE	0.0261022355407476
jtfs	richness_synthetic__256_1024	amp	amp_1.00hz_0.10	0.1	amp_1.00hz_0.50	0.5	0	0	FALSE	0.0555587597191333
jtfs	richness_synthetic__256_1024	amp	amp_1.00hz_0.10	0.1	amp_1.00hz_0.70	0.7	0	0	FALSE	0.0873531550168991
jtfs	richness_synthetic__256_1024	amp	amp_1.00hz_0.10	0.1	amp_1.00hz_0.90	0.9	0	0	FALSE	0.1171402707695960
jtfs	richness_synthetic__256_1024	freq	freq_0.25hz	0.25	freq_0.25hz	0.25	0	0	TRUE	0.0
jtfs	richness_synthetic__256_1024	freq	freq_0.25hz	0.25	freq_0.50hz	0.5	0	0	FALSE	0.1266435235738750
jtfs	richness_synthetic__256_1024	freq	freq_0.25hz	0.25	freq_1.00hz	1.0	0	0	FALSE	0.1496103554964070
jtfs	richness_synthetic__256_1024	freq	freq_0.25hz	0.25	freq_2.00hz	2.0	0	0	FALSE	0.2263742685317990
jtfs	richness_synthetic__256_1024	freq	freq_0.25hz	0.25	freq_4.00hz	4.0	0	0	FALSE	0.276745080947876
jtfs	richness_synthetic__256_1024	reg	reg_1.00hz_0.000	0.0	reg_1.00hz_0.000	0.0	0	0	TRUE	0.0
jtfs	richness_synthetic__256_1024	reg	reg_1.00hz_0.000	0.0	reg_1.00hz_0.125	0.125	0	0	FALSE	0.0432837903499603
jtfs	richness_synthetic__256_1024	reg	reg_1.00hz_0.000	0.0	reg_1.00hz_0.250	0.25	0	0	FALSE	0.0824553146958351
jtfs	richness_synthetic__256_1024	reg	reg_1.00hz_0.000	0.0	reg_1.00hz_0.375	0.375	0	0	FALSE	0.1128172501921650
jtfs	richness_synthetic__256_1024	reg	reg_1.00hz_0.000	0.0	reg_1.00hz_0.500	0.5	0	0	FALSE	0.1327095925807950
jtfs	warmth_real__vintage__logue_saw__166_1024	amp	amp_1.00hz_0.10	0.1	amp_1.00hz_0.10	0.1	0	0	TRUE	0.0
jtfs	warmth_real__vintage__logue_saw__166_1024	amp	amp_1.00hz_0.10	0.1	amp_1.00hz_0.30	0.3	0	0	FALSE	0.0588519237935543
jtfs	warmth_real__vintage__logue_saw__166_1024	amp	amp_1.00hz_0.10	0.1	amp_1.00hz_0.50	0.5	0	0	FALSE	0.1172968074679370
jtfs	warmth_real__vintage__logue_saw__166_1024	amp	amp_1.00hz_0.10	0.1	amp_1.00hz_0.70	0.7	0	0	FALSE	0.168923333287239
jtfs	warmth_real__vintage__logue_saw__166_1024	amp	amp_1.00hz_0.10	0.1	amp_1.00hz_0.90	0.9	0	0	FALSE	0.2125653475523000
jtfs	warmth_real__vintage__logue_saw__166_1024	freq	freq_0.25hz	0.25	freq_0.25hz	0.25	0	0	TRUE	0.0
jtfs	warmth_real__vintage__logue_saw__166_1024	freq	freq_0.25hz	0.25	freq_0.50hz	0.5	0	0	FALSE	0.1774788647890090
jtfs	warmth_real__vintage__logue_saw__166_1024	freq	freq_0.25hz	0.25	freq_1.00hz	1.0	0	0	FALSE	0.2393070608377460
jtfs	warmth_real__vintage__logue_saw__166_1024	freq	freq_0.25hz	0.25	freq_2.00hz	2.0	0	0	FALSE	0.3375542163848880
jtfs	warmth_real__vintage__logue_saw__166_1024	freq	freq_0.25hz	0.25	freq_4.00hz	4.0	0	0	FALSE	0.3920584321022030
jtfs	warmth_real__vintage__logue_saw__166_1024	reg	reg_1.00hz_0.000	0.0	reg_1.00hz_0.000	0.0	0	0	TRUE	0.0
jtfs	warmth_real__vintage__logue_saw__166_1024	reg	reg_1.00hz_0.000	0.0	reg_1.00hz_0.125	0.125	0	0	FALSE	0.0691691786050796
jtfs	warmth_real__vintage__logue_saw__166_1024	reg	reg_1.00hz_0.000	0.0	reg_1.00hz_0.250	0.25	0	0	FALSE	0.1265277117490770
jtfs	warmth_real__vintage__logue_saw__166_1024	reg	reg_1.00hz_0.000	0.0	reg_1.00hz_0.375	0.375	0	0	FALSE	0.1671506017446520
jtfs	warmth_real__vintage__logue_saw__166_1024	reg	reg_1.00hz_0.000	0.0	reg_1.00hz_0.500	0.5	0	0	FALSE	0.1922895014286040
jtfs	warmth_synthetic__256_1024	amp	amp_1.00hz_0.10	0.1	amp_1.00hz_0.10	0.1	0	0	TRUE	0.0
jtfs	warmth_synthetic__256_1024	amp	amp_1.00hz_0.10	0.1	amp_1.00hz_0.30	0.3	0	0	FALSE	0.0130638815462589
jtfs	warmth_synthetic__256_1024	amp	amp_1.00hz_0.10	0.1	amp_1.00hz_0.50	0.5	0	0	FALSE	0.0301193781197071
jtfs	warmth_synthetic__256_1024	amp	amp_1.00hz_0.10	0.1	amp_1.00hz_0.70	0.7	0	0	FALSE	0.0533604025840759
jtfs	warmth_synthetic__256_1024	amp	amp_1.00hz_0.10	0.1	amp_1.00hz_0.90	0.9	0	0	FALSE	0.0852301269769668
jtfs	warmth_synthetic__256_1024	freq	freq_0.25hz	0.25	freq_0.25hz	0.25	0	0	TRUE	0.0
jtfs	warmth_synthetic__256_1024	freq	freq_0.25hz	0.25	freq_0.50hz	0.5	0	0	FALSE	0.1014231443405150
jtfs	warmth_synthetic__256_1024	freq	freq_0.25hz	0.25	freq_1.00hz	1.0	0	0	FALSE	0.1100766137242320
jtfs	warmth_synthetic__256_1024	freq	freq_0.25hz	0.25	freq_2.00hz	2.0	0	0	FALSE	0.1307524889707570
jtfs	warmth_synthetic__256_1024	freq	freq_0.25hz	0.25	freq_4.00hz	4.0	0	0	FALSE	0.1524531543254850
jtfs	warmth_synthetic__256_1024	reg	reg_1.00hz_0.000	0.0	reg_1.00hz_0.000	0.0	0	0	TRUE	0.0
jtfs	warmth_synthetic__256_1024	reg	reg_1.00hz_0.000	0.0	reg_1.00hz_0.125	0.125	0	0	FALSE	0.0300362221896648
jtfs	warmth_synthetic__256_1024	reg	reg_1.00hz_0.000	0.0	reg_1.00hz_0.250	0.25	0	0	FALSE	0.0542104803025722
jtfs	warmth_synthetic__256_1024	reg	reg_1.00hz_0.000	0.0	reg_1.00hz_0.375	0.375	0	0	FALSE	0.0695812031626701
jtfs	warmth_synthetic__256_1024	reg	reg_1.00hz_0.000	0.0	reg_1.00hz_0.500	0.5	0	0	FALSE	0.0799526572227478
vggish	brightness_real__harmonics__synced_sines__256_1024	amp	amp_1.00hz_0.10	0.1	amp_1.00hz_0.10	0.1	0	0	TRUE	0.0
vggish	brightness_real__harmonics__synced_sines__256_1024	amp	amp_1.00hz_0.10	0.1	amp_1.00hz_0.30	0.3	0	0	FALSE	0.8965793251991270
vggish	brightness_real__harmonics__synced_sines__256_1024	amp	amp_1.00hz_0.10	0.1	amp_1.00hz_0.50	0.5	0	0	FALSE	1.4487555027008100
vggish	brightness_real__harmonics__synced_sines__256_1024	amp	amp_1.00hz_0.10	0.1	amp_1.00hz_0.70	0.7	0	0	FALSE	1.702796459198000
vggish	brightness_real__harmonics__synced_sines__256_1024	amp	amp_1.00hz_0.10	0.1	amp_1.00hz_0.90	0.9	0	0	FALSE	1.6015321016311600
vggish	brightness_real__harmonics__synced_sines__256_1024	freq	freq_0.25hz	0.25	freq_0.25hz	0.25	0	0	TRUE	0.0
vggish	brightness_real__harmonics__synced_sines__256_1024	freq	freq_0.25hz	0.25	freq_0.50hz	0.5	0	0	FALSE	0.8174917101860050
vggish	brightness_real__harmonics__synced_sines__256_1024	freq	freq_0.25hz	0.25	freq_1.00hz	1.0	0	0	FALSE	1.192936658859250
vggish	brightness_real__harmonics__synced_sines__256_1024	freq	freq_0.25hz	0.25	freq_2.00hz	2.0	0	0	FALSE	1.465309977531430
vggish	brightness_real__harmonics__synced_sines__256_1024	freq	freq_0.25hz	0.25	freq_4.00hz	4.0	0	0	FALSE	1.8284635543823200
vggish	brightness_real__harmonics__synced_sines__256_1024	reg	reg_1.00hz_0.000	0.0	reg_1.00hz_0.000	0.0	0	0	TRUE	0.0
vggish	brightness_real__harmonics__synced_sines__256_1024	reg	reg_1.00hz_0.000	0.0	reg_1.00hz_0.125	0.125	0	0	FALSE	0.3932760953903200
vggish	brightness_real__harmonics__synced_sines__256_1024	reg	reg_1.00hz_0.000	0.0	reg_1.00hz_0.250	0.25	0	0	FALSE	0.6876238584518430
vggish	brightness_real__harmonics__synced_sines__256_1024	reg	reg_1.00hz_0.000	0.0	reg_1.00hz_0.375	0.375	0	0	FALSE	0.8679108619689940
vggish	brightness_real__harmonics__synced_sines__256_1024	reg	reg_1.00hz_0.000	0.0	reg_1.00hz_0.500	0.5	0	0	FALSE	0.7935584783554080
vggish	brightness_synthetic__256_1024	amp	amp_1.00hz_0.10	0.1	amp_1.00hz_0.10	0.1	0	0	TRUE	0.0
vggish	brightness_synthetic__256_1024	amp	amp_1.00hz_0.10	0.1	amp_1.00hz_0.30	0.3	0	0	FALSE	1.135544776916500
vggish	brightness_synthetic__256_1024	amp	amp_1.00hz_0.10	0.1	amp_1.00hz_0.50	0.5	0	0	FALSE	1.5229679346084600
vggish	brightness_synthetic__256_1024	amp	amp_1.00hz_0.10	0.1	amp_1.00hz_0.70	0.7	0	0	FALSE	1.6988730430603000
vggish	brightness_synthetic__256_1024	amp	amp_1.00hz_0.10	0.1	amp_1.00hz_0.90	0.9	0	0	FALSE	1.9790847301483200
vggish	brightness_synthetic__256_1024	freq	freq_0.25hz	0.25	freq_0.25hz	0.25	0	0	TRUE	0.0
vggish	brightness_synthetic__256_1024	freq	freq_0.25hz	0.25	freq_0.50hz	0.5	0	0	FALSE	0.7196524143218990
vggish	brightness_synthetic__256_1024	freq	freq_0.25hz	0.25	freq_1.00hz	1.0	0	0	FALSE	1.5506081581115700
vggish	brightness_synthetic__256_1024	freq	freq_0.25hz	0.25	freq_2.00hz	2.0	0	0	FALSE	1.5934944152832000
vggish	brightness_synthetic__256_1024	freq	freq_0.25hz	0.25	freq_4.00hz	4.0	0	0	FALSE	1.6205943822860700
vggish	brightness_synthetic__256_1024	reg	reg_1.00hz_0.000	0.0	reg_1.00hz_0.000	0.0	0	0	TRUE	0.0
vggish	brightness_synthetic__256_1024	reg	reg_1.00hz_0.000	0.0	reg_1.00hz_0.125	0.125	0	0	FALSE	0.40543439984321600
vggish	brightness_synthetic__256_1024	reg	reg_1.00hz_0.000	0.0	reg_1.00hz_0.250	0.25	0	0	FALSE	0.6480313539505010
vggish	brightness_synthetic__256_1024	reg	reg_1.00hz_0.000	0.0	reg_1.00hz_0.375	0.375	0	0	FALSE	0.6709631085395810
vggish	brightness_synthetic__256_1024	reg	reg_1.00hz_0.000	0.0	reg_1.00hz_0.500	0.5	0	0	FALSE	0.5616496205329900
vggish	richness_real__filter__acid_saw__46_1024__inverted	amp	amp_1.00hz_0.10	0.1	amp_1.00hz_0.10	0.1	0	0	TRUE	0.0
vggish	richness_real__filter__acid_saw__46_1024__inverted	amp	amp_1.00hz_0.10	0.1	amp_1.00hz_0.30	0.3	0	0	FALSE	0.3299849331378940
vggish	richness_real__filter__acid_saw__46_1024__inverted	amp	amp_1.00hz_0.10	0.1	amp_1.00hz_0.50	0.5	0	0	FALSE	0.4093795716762540
vggish	richness_real__filter__acid_saw__46_1024__inverted	amp	amp_1.00hz_0.10	0.1	amp_1.00hz_0.70	0.7	0	0	FALSE	0.45154261589050300
vggish	richness_real__filter__acid_saw__46_1024__inverted	amp	amp_1.00hz_0.10	0.1	amp_1.00hz_0.90	0.9	0	0	FALSE	0.508520781993866
vggish	richness_real__filter__acid_saw__46_1024__inverted	freq	freq_0.25hz	0.25	freq_0.25hz	0.25	0	0	TRUE	0.0
vggish	richness_real__filter__acid_saw__46_1024__inverted	freq	freq_0.25hz	0.25	freq_0.50hz	0.5	0	0	FALSE	0.4977976083755490
vggish	richness_real__filter__acid_saw__46_1024__inverted	freq	freq_0.25hz	0.25	freq_1.00hz	1.0	0	0	FALSE	0.8322080969810490
vggish	richness_real__filter__acid_saw__46_1024__inverted	freq	freq_0.25hz	0.25	freq_2.00hz	2.0	0	0	FALSE	0.8015439510345460
vggish	richness_real__filter__acid_saw__46_1024__inverted	freq	freq_0.25hz	0.25	freq_4.00hz	4.0	0	0	FALSE	0.949864387512207
vggish	richness_real__filter__acid_saw__46_1024__inverted	reg	reg_1.00hz_0.000	0.0	reg_1.00hz_0.000	0.0	0	0	TRUE	0.0
vggish	richness_real__filter__acid_saw__46_1024__inverted	reg	reg_1.00hz_0.000	0.0	reg_1.00hz_0.125	0.125	0	0	FALSE	0.3002746105194090
vggish	richness_real__filter__acid_saw__46_1024__inverted	reg	reg_1.00hz_0.000	0.0	reg_1.00hz_0.250	0.25	0	0	FALSE	0.34062471985817000
vggish	richness_real__filter__acid_saw__46_1024__inverted	reg	reg_1.00hz_0.000	0.0	reg_1.00hz_0.375	0.375	0	0	FALSE	0.7682672142982480
vggish	richness_real__filter__acid_saw__46_1024__inverted	reg	reg_1.00hz_0.000	0.0	reg_1.00hz_0.500	0.5	0	0	FALSE	0.9684378504753110
vggish	richness_synthetic__256_1024	amp	amp_1.00hz_0.10	0.1	amp_1.00hz_0.10	0.1	0	0	TRUE	0.0
vggish	richness_synthetic__256_1024	amp	amp_1.00hz_0.10	0.1	amp_1.00hz_0.30	0.3	0	0	FALSE	0.3117718994617460
vggish	richness_synthetic__256_1024	amp	amp_1.00hz_0.10	0.1	amp_1.00hz_0.50	0.5	0	0	FALSE	0.5679835081100460
vggish	richness_synthetic__256_1024	amp	amp_1.00hz_0.10	0.1	amp_1.00hz_0.70	0.7	0	0	FALSE	0.909035861492157
vggish	richness_synthetic__256_1024	amp	amp_1.00hz_0.10	0.1	amp_1.00hz_0.90	0.9	0	0	FALSE	1.2134305238723800
vggish	richness_synthetic__256_1024	freq	freq_0.25hz	0.25	freq_0.25hz	0.25	0	0	TRUE	0.0
vggish	richness_synthetic__256_1024	freq	freq_0.25hz	0.25	freq_0.50hz	0.5	0	0	FALSE	0.6543026566505430
vggish	richness_synthetic__256_1024	freq	freq_0.25hz	0.25	freq_1.00hz	1.0	0	0	FALSE	1.1837519407272300
vggish	richness_synthetic__256_1024	freq	freq_0.25hz	0.25	freq_2.00hz	2.0	0	0	FALSE	1.5142277479171800
vggish	richness_synthetic__256_1024	freq	freq_0.25hz	0.25	freq_4.00hz	4.0	0	0	FALSE	1.8292409181594800
vggish	richness_synthetic__256_1024	reg	reg_1.00hz_0.000	0.0	reg_1.00hz_0.000	0.0	0	0	TRUE	0.0
vggish	richness_synthetic__256_1024	reg	reg_1.00hz_0.000	0.0	reg_1.00hz_0.125	0.125	0	0	FALSE	0.2885909080505370
vggish	richness_synthetic__256_1024	reg	reg_1.00hz_0.000	0.0	reg_1.00hz_0.250	0.25	0	0	FALSE	0.4678327739238740
vggish	richness_synthetic__256_1024	reg	reg_1.00hz_0.000	0.0	reg_1.00hz_0.375	0.375	0	0	FALSE	0.6511369347572330
vggish	richness_synthetic__256_1024	reg	reg_1.00hz_0.000	0.0	reg_1.00hz_0.500	0.5	0	0	FALSE	0.7606894969940190
vggish	warmth_real__vintage__logue_saw__166_1024	amp	amp_1.00hz_0.10	0.1	amp_1.00hz_0.10	0.1	0	0	TRUE	0.0
vggish	warmth_real__vintage__logue_saw__166_1024	amp	amp_1.00hz_0.10	0.1	amp_1.00hz_0.30	0.3	0	0	FALSE	1.8823869228363000
vggish	warmth_real__vintage__logue_saw__166_1024	amp	amp_1.00hz_0.10	0.1	amp_1.00hz_0.50	0.5	0	0	FALSE	2.8666152954101600
vggish	warmth_real__vintage__logue_saw__166_1024	amp	amp_1.00hz_0.10	0.1	amp_1.00hz_0.70	0.7	0	0	FALSE	3.0718817710876500
vggish	warmth_real__vintage__logue_saw__166_1024	amp	amp_1.00hz_0.10	0.1	amp_1.00hz_0.90	0.9	0	0	FALSE	3.1004698276519800
vggish	warmth_real__vintage__logue_saw__166_1024	freq	freq_0.25hz	0.25	freq_0.25hz	0.25	0	0	TRUE	0.0
vggish	warmth_real__vintage__logue_saw__166_1024	freq	freq_0.25hz	0.25	freq_0.50hz	0.5	0	0	FALSE	1.2236759662628200
vggish	warmth_real__vintage__logue_saw__166_1024	freq	freq_0.25hz	0.25	freq_1.00hz	1.0	0	0	FALSE	1.3388187885284400
vggish	warmth_real__vintage__logue_saw__166_1024	freq	freq_0.25hz	0.25	freq_2.00hz	2.0	0	0	FALSE	2.159682035446170
vggish	warmth_real__vintage__logue_saw__166_1024	freq	freq_0.25hz	0.25	freq_4.00hz	4.0	0	0	FALSE	2.785688877105710
vggish	warmth_real__vintage__logue_saw__166_1024	reg	reg_1.00hz_0.000	0.0	reg_1.00hz_0.000	0.0	0	0	TRUE	0.0
vggish	warmth_real__vintage__logue_saw__166_1024	reg	reg_1.00hz_0.000	0.0	reg_1.00hz_0.125	0.125	0	0	FALSE	0.3318799138069150
vggish	warmth_real__vintage__logue_saw__166_1024	reg	reg_1.00hz_0.000	0.0	reg_1.00hz_0.250	0.25	0	0	FALSE	0.6128867864608770
vggish	warmth_real__vintage__logue_saw__166_1024	reg	reg_1.00hz_0.000	0.0	reg_1.00hz_0.375	0.375	0	0	FALSE	0.7140125036239620
vggish	warmth_real__vintage__logue_saw__166_1024	reg	reg_1.00hz_0.000	0.0	reg_1.00hz_0.500	0.5	0	0	FALSE	0.676514208316803
vggish	warmth_synthetic__256_1024	amp	amp_1.00hz_0.10	0.1	amp_1.00hz_0.10	0.1	0	0	TRUE	0.0
vggish	warmth_synthetic__256_1024	amp	amp_1.00hz_0.10	0.1	amp_1.00hz_0.30	0.3	0	0	FALSE	0.22122393548488600
vggish	warmth_synthetic__256_1024	amp	amp_1.00hz_0.10	0.1	amp_1.00hz_0.50	0.5	0	0	FALSE	0.5103909969329830
vggish	warmth_synthetic__256_1024	amp	amp_1.00hz_0.10	0.1	amp_1.00hz_0.70	0.7	0	0	FALSE	0.7683978080749510
vggish	warmth_synthetic__256_1024	amp	amp_1.00hz_0.10	0.1	amp_1.00hz_0.90	0.9	0	0	FALSE	1.1501895189285300
vggish	warmth_synthetic__256_1024	freq	freq_0.25hz	0.25	freq_0.25hz	0.25	0	0	TRUE	0.0
vggish	warmth_synthetic__256_1024	freq	freq_0.25hz	0.25	freq_0.50hz	0.5	0	0	FALSE	0.38242217898368800
vggish	warmth_synthetic__256_1024	freq	freq_0.25hz	0.25	freq_1.00hz	1.0	0	0	FALSE	0.5493153929710390
vggish	warmth_synthetic__256_1024	freq	freq_0.25hz	0.25	freq_2.00hz	2.0	0	0	FALSE	0.6741452217102050
vggish	warmth_synthetic__256_1024	freq	freq_0.25hz	0.25	freq_4.00hz	4.0	0	0	FALSE	0.8954014182090760
vggish	warmth_synthetic__256_1024	reg	reg_1.00hz_0.000	0.0	reg_1.00hz_0.000	0.0	0	0	TRUE	0.0
vggish	warmth_synthetic__256_1024	reg	reg_1.00hz_0.000	0.0	reg_1.00hz_0.125	0.125	0	0	FALSE	0.3422359526157380
vggish	warmth_synthetic__256_1024	reg	reg_1.00hz_0.000	0.0	reg_1.00hz_0.250	0.25	0	0	FALSE	0.405385285615921
vggish	warmth_synthetic__256_1024	reg	reg_1.00hz_0.000	0.0	reg_1.00hz_0.375	0.375	0	0	FALSE	0.3030993342399600
vggish	warmth_synthetic__256_1024	reg	reg_1.00hz_0.000	0.0	reg_1.00hz_0.500	0.5	0	0	FALSE	0.25777438282966600
clap	brightness_real__harmonics__synced_sines__256_1024	amp	amp_1.00hz_0.10	0.1	amp_1.00hz_0.10	0.1	0	0	TRUE	0.0
clap	brightness_real__harmonics__synced_sines__256_1024	amp	amp_1.00hz_0.10	0.1	amp_1.00hz_0.30	0.3	0	0	FALSE	8.41353988647461
clap	brightness_real__harmonics__synced_sines__256_1024	amp	amp_1.00hz_0.10	0.1	amp_1.00hz_0.50	0.5	0	0	FALSE	18.324054718017600
clap	brightness_real__harmonics__synced_sines__256_1024	amp	amp_1.00hz_0.10	0.1	amp_1.00hz_0.70	0.7	0	0	FALSE	21.869569778442400
clap	brightness_real__harmonics__synced_sines__256_1024	amp	amp_1.00hz_0.10	0.1	amp_1.00hz_0.90	0.9	0	0	FALSE	23.57464027404790
clap	brightness_real__harmonics__synced_sines__256_1024	freq	freq_0.25hz	0.25	freq_0.25hz	0.25	0	0	TRUE	0.0
clap	brightness_real__harmonics__synced_sines__256_1024	freq	freq_0.25hz	0.25	freq_0.50hz	0.5	0	0	FALSE	8.128105163574220
clap	brightness_real__harmonics__synced_sines__256_1024	freq	freq_0.25hz	0.25	freq_1.00hz	1.0	0	0	FALSE	15.658031463623000
clap	brightness_real__harmonics__synced_sines__256_1024	freq	freq_0.25hz	0.25	freq_2.00hz	2.0	0	0	FALSE	20.239727020263700
clap	brightness_real__harmonics__synced_sines__256_1024	freq	freq_0.25hz	0.25	freq_4.00hz	4.0	0	0	FALSE	26.533794403076200
clap	brightness_real__harmonics__synced_sines__256_1024	reg	reg_1.00hz_0.000	0.0	reg_1.00hz_0.000	0.0	0	0	TRUE	0.0
clap	brightness_real__harmonics__synced_sines__256_1024	reg	reg_1.00hz_0.000	0.0	reg_1.00hz_0.125	0.125	0	0	FALSE	3.9548962116241500
clap	brightness_real__harmonics__synced_sines__256_1024	reg	reg_1.00hz_0.000	0.0	reg_1.00hz_0.250	0.25	0	0	FALSE	5.420984745025640
clap	brightness_real__harmonics__synced_sines__256_1024	reg	reg_1.00hz_0.000	0.0	reg_1.00hz_0.375	0.375	0	0	FALSE	4.088927745819090
clap	brightness_real__harmonics__synced_sines__256_1024	reg	reg_1.00hz_0.000	0.0	reg_1.00hz_0.500	0.5	0	0	FALSE	5.107061386108400
clap	brightness_synthetic__256_1024	amp	amp_1.00hz_0.10	0.1	amp_1.00hz_0.10	0.1	0	0	TRUE	0.0
clap	brightness_synthetic__256_1024	amp	amp_1.00hz_0.10	0.1	amp_1.00hz_0.30	0.3	0	0	FALSE	7.792398452758790
clap	brightness_synthetic__256_1024	amp	amp_1.00hz_0.10	0.1	amp_1.00hz_0.50	0.5	0	0	FALSE	11.79977798461910
clap	brightness_synthetic__256_1024	amp	amp_1.00hz_0.10	0.1	amp_1.00hz_0.70	0.7	0	0	FALSE	14.040157318115200
clap	brightness_synthetic__256_1024	amp	amp_1.00hz_0.10	0.1	amp_1.00hz_0.90	0.9	0	0	FALSE	15.029762268066400
clap	brightness_synthetic__256_1024	freq	freq_0.25hz	0.25	freq_0.25hz	0.25	0	0	TRUE	0.0
clap	brightness_synthetic__256_1024	freq	freq_0.25hz	0.25	freq_0.50hz	0.5	0	0	FALSE	6.664191246032720
clap	brightness_synthetic__256_1024	freq	freq_0.25hz	0.25	freq_1.00hz	1.0	0	0	FALSE	12.963521003723100
clap	brightness_synthetic__256_1024	freq	freq_0.25hz	0.25	freq_2.00hz	2.0	0	0	FALSE	19.01921272277830
clap	brightness_synthetic__256_1024	freq	freq_0.25hz	0.25	freq_4.00hz	4.0	0	0	FALSE	21.582691192627000
clap	brightness_synthetic__256_1024	reg	reg_1.00hz_0.000	0.0	reg_1.00hz_0.000	0.0	0	0	TRUE	0.0
clap	brightness_synthetic__256_1024	reg	reg_1.00hz_0.000	0.0	reg_1.00hz_0.125	0.125	0	0	FALSE	3.0423364639282200
clap	brightness_synthetic__256_1024	reg	reg_1.00hz_0.000	0.0	reg_1.00hz_0.250	0.25	0	0	FALSE	4.355042457580570
clap	brightness_synthetic__256_1024	reg	reg_1.00hz_0.000	0.0	reg_1.00hz_0.375	0.375	0	0	FALSE	4.463512420654300
clap	brightness_synthetic__256_1024	reg	reg_1.00hz_0.000	0.0	reg_1.00hz_0.500	0.5	0	0	FALSE	5.284558296203610
clap	richness_real__filter__acid_saw__46_1024__inverted	amp	amp_1.00hz_0.10	0.1	amp_1.00hz_0.10	0.1	0	0	TRUE	0.0
clap	richness_real__filter__acid_saw__46_1024__inverted	amp	amp_1.00hz_0.10	0.1	amp_1.00hz_0.30	0.3	0	0	FALSE	3.787824869155880
clap	richness_real__filter__acid_saw__46_1024__inverted	amp	amp_1.00hz_0.10	0.1	amp_1.00hz_0.50	0.5	0	0	FALSE	8.637741088867190
clap	richness_real__filter__acid_saw__46_1024__inverted	amp	amp_1.00hz_0.10	0.1	amp_1.00hz_0.70	0.7	0	0	FALSE	12.371210098266600
clap	richness_real__filter__acid_saw__46_1024__inverted	amp	amp_1.00hz_0.10	0.1	amp_1.00hz_0.90	0.9	0	0	FALSE	18.162933349609400
clap	richness_real__filter__acid_saw__46_1024__inverted	freq	freq_0.25hz	0.25	freq_0.25hz	0.25	0	0	TRUE	0.0
clap	richness_real__filter__acid_saw__46_1024__inverted	freq	freq_0.25hz	0.25	freq_0.50hz	0.5	0	0	FALSE	5.62424898147583
clap	richness_real__filter__acid_saw__46_1024__inverted	freq	freq_0.25hz	0.25	freq_1.00hz	1.0	0	0	FALSE	8.854618072509770
clap	richness_real__filter__acid_saw__46_1024__inverted	freq	freq_0.25hz	0.25	freq_2.00hz	2.0	0	0	FALSE	15.422235488891600
clap	richness_real__filter__acid_saw__46_1024__inverted	freq	freq_0.25hz	0.25	freq_4.00hz	4.0	0	0	FALSE	18.776952743530300
clap	richness_real__filter__acid_saw__46_1024__inverted	reg	reg_1.00hz_0.000	0.0	reg_1.00hz_0.000	0.0	0	0	TRUE	0.0
clap	richness_real__filter__acid_saw__46_1024__inverted	reg	reg_1.00hz_0.000	0.0	reg_1.00hz_0.125	0.125	0	0	FALSE	2.7074453830719000
clap	richness_real__filter__acid_saw__46_1024__inverted	reg	reg_1.00hz_0.000	0.0	reg_1.00hz_0.250	0.25	0	0	FALSE	3.6101036071777300
clap	richness_real__filter__acid_saw__46_1024__inverted	reg	reg_1.00hz_0.000	0.0	reg_1.00hz_0.375	0.375	0	0	FALSE	2.982640266418460
clap	richness_real__filter__acid_saw__46_1024__inverted	reg	reg_1.00hz_0.000	0.0	reg_1.00hz_0.500	0.5	0	0	FALSE	2.874501943588260
clap	richness_synthetic__256_1024	amp	amp_1.00hz_0.10	0.1	amp_1.00hz_0.10	0.1	0	0	TRUE	0.0
clap	richness_synthetic__256_1024	amp	amp_1.00hz_0.10	0.1	amp_1.00hz_0.30	0.3	0	0	FALSE	4.745965957641600
clap	richness_synthetic__256_1024	amp	amp_1.00hz_0.10	0.1	amp_1.00hz_0.50	0.5	0	0	FALSE	10.281026840210000
clap	richness_synthetic__256_1024	amp	amp_1.00hz_0.10	0.1	amp_1.00hz_0.70	0.7	0	0	FALSE	13.020851135253900
clap	richness_synthetic__256_1024	amp	amp_1.00hz_0.10	0.1	amp_1.00hz_0.90	0.9	0	0	FALSE	14.885088920593300
clap	richness_synthetic__256_1024	freq	freq_0.25hz	0.25	freq_0.25hz	0.25	0	0	TRUE	0.0
clap	richness_synthetic__256_1024	freq	freq_0.25hz	0.25	freq_0.50hz	0.5	0	0	FALSE	5.839271068573000
clap	richness_synthetic__256_1024	freq	freq_0.25hz	0.25	freq_1.00hz	1.0	0	0	FALSE	8.6757230758667
clap	richness_synthetic__256_1024	freq	freq_0.25hz	0.25	freq_2.00hz	2.0	0	0	FALSE	11.129507064819300
clap	richness_synthetic__256_1024	freq	freq_0.25hz	0.25	freq_4.00hz	4.0	0	0	FALSE	15.355368614196800
clap	richness_synthetic__256_1024	reg	reg_1.00hz_0.000	0.0	reg_1.00hz_0.000	0.0	0	0	TRUE	0.0
clap	richness_synthetic__256_1024	reg	reg_1.00hz_0.000	0.0	reg_1.00hz_0.125	0.125	0	0	FALSE	3.9460196495056200
clap	richness_synthetic__256_1024	reg	reg_1.00hz_0.000	0.0	reg_1.00hz_0.250	0.25	0	0	FALSE	4.949329853057860
clap	richness_synthetic__256_1024	reg	reg_1.00hz_0.000	0.0	reg_1.00hz_0.375	0.375	0	0	FALSE	5.098658084869390
clap	richness_synthetic__256_1024	reg	reg_1.00hz_0.000	0.0	reg_1.00hz_0.500	0.5	0	0	FALSE	4.759731769561770
clap	warmth_real__vintage__logue_saw__166_1024	amp	amp_1.00hz_0.10	0.1	amp_1.00hz_0.10	0.1	0	0	TRUE	0.0
clap	warmth_real__vintage__logue_saw__166_1024	amp	amp_1.00hz_0.10	0.1	amp_1.00hz_0.30	0.3	0	0	FALSE	10.29920768737790
clap	warmth_real__vintage__logue_saw__166_1024	amp	amp_1.00hz_0.10	0.1	amp_1.00hz_0.50	0.5	0	0	FALSE	12.863469123840300
clap	warmth_real__vintage__logue_saw__166_1024	amp	amp_1.00hz_0.10	0.1	amp_1.00hz_0.70	0.7	0	0	FALSE	13.568891525268600
clap	warmth_real__vintage__logue_saw__166_1024	amp	amp_1.00hz_0.10	0.1	amp_1.00hz_0.90	0.9	0	0	FALSE	15.181985855102500
clap	warmth_real__vintage__logue_saw__166_1024	freq	freq_0.25hz	0.25	freq_0.25hz	0.25	0	0	TRUE	0.0
clap	warmth_real__vintage__logue_saw__166_1024	freq	freq_0.25hz	0.25	freq_0.50hz	0.5	0	0	FALSE	6.83612060546875
clap	warmth_real__vintage__logue_saw__166_1024	freq	freq_0.25hz	0.25	freq_1.00hz	1.0	0	0	FALSE	13.470846176147500
clap	warmth_real__vintage__logue_saw__166_1024	freq	freq_0.25hz	0.25	freq_2.00hz	2.0	0	0	FALSE	18.643247604370100
clap	warmth_real__vintage__logue_saw__166_1024	freq	freq_0.25hz	0.25	freq_4.00hz	4.0	0	0	FALSE	19.59568977355960
clap	warmth_real__vintage__logue_saw__166_1024	reg	reg_1.00hz_0.000	0.0	reg_1.00hz_0.000	0.0	0	0	TRUE	0.0
clap	warmth_real__vintage__logue_saw__166_1024	reg	reg_1.00hz_0.000	0.0	reg_1.00hz_0.125	0.125	0	0	FALSE	4.938388347625730
clap	warmth_real__vintage__logue_saw__166_1024	reg	reg_1.00hz_0.000	0.0	reg_1.00hz_0.250	0.25	0	0	FALSE	6.1492133140564000
clap	warmth_real__vintage__logue_saw__166_1024	reg	reg_1.00hz_0.000	0.0	reg_1.00hz_0.375	0.375	0	0	FALSE	4.841210842132570
clap	warmth_real__vintage__logue_saw__166_1024	reg	reg_1.00hz_0.000	0.0	reg_1.00hz_0.500	0.5	0	0	FALSE	5.91049337387085
clap	warmth_synthetic__256_1024	amp	amp_1.00hz_0.10	0.1	amp_1.00hz_0.10	0.1	0	0	TRUE	0.0
clap	warmth_synthetic__256_1024	amp	amp_1.00hz_0.10	0.1	amp_1.00hz_0.30	0.3	0	0	FALSE	0.7159367203712460
clap	warmth_synthetic__256_1024	amp	amp_1.00hz_0.10	0.1	amp_1.00hz_0.50	0.5	0	0	FALSE	1.6175339221954300
clap	warmth_synthetic__256_1024	amp	amp_1.00hz_0.10	0.1	amp_1.00hz_0.70	0.7	0	0	FALSE	3.4800543785095200
clap	warmth_synthetic__256_1024	amp	amp_1.00hz_0.10	0.1	amp_1.00hz_0.90	0.9	0	0	FALSE	7.3857951164245600
clap	warmth_synthetic__256_1024	freq	freq_0.25hz	0.25	freq_0.25hz	0.25	0	0	TRUE	0.0
clap	warmth_synthetic__256_1024	freq	freq_0.25hz	0.25	freq_0.50hz	0.5	0	0	FALSE	2.6983351707458500
clap	warmth_synthetic__256_1024	freq	freq_0.25hz	0.25	freq_1.00hz	1.0	0	0	FALSE	3.8339641094207800
clap	warmth_synthetic__256_1024	freq	freq_0.25hz	0.25	freq_2.00hz	2.0	0	0	FALSE	7.647659778594970
clap	warmth_synthetic__256_1024	freq	freq_0.25hz	0.25	freq_4.00hz	4.0	0	0	FALSE	13.23706340789800
clap	warmth_synthetic__256_1024	reg	reg_1.00hz_0.000	0.0	reg_1.00hz_0.000	0.0	0	0	TRUE	0.0
clap	warmth_synthetic__256_1024	reg	reg_1.00hz_0.000	0.0	reg_1.00hz_0.125	0.125	0	0	FALSE	1.7624372243881200
clap	warmth_synthetic__256_1024	reg	reg_1.00hz_0.000	0.0	reg_1.00hz_0.250	0.25	0	0	FALSE	1.7527565956115700
clap	warmth_synthetic__256_1024	reg	reg_1.00hz_0.000	0.0	reg_1.00hz_0.375	0.375	0	0	FALSE	1.9544415473938000
clap	warmth_synthetic__256_1024	reg	reg_1.00hz_0.000	0.0	reg_1.00hz_0.500	0.5	0	0	FALSE	3.2650840282440200
encodec48k	brightness_real__harmonics__synced_sines__256_1024	amp	amp_1.00hz_0.10	0.1	amp_1.00hz_0.10	0.1	0	0	TRUE	0.0
encodec48k	brightness_real__harmonics__synced_sines__256_1024	amp	amp_1.00hz_0.10	0.1	amp_1.00hz_0.30	0.3	0	0	FALSE	0.42202261090278600
encodec48k	brightness_real__harmonics__synced_sines__256_1024	amp	amp_1.00hz_0.10	0.1	amp_1.00hz_0.50	0.5	0	0	FALSE	0.6476031541824340
encodec48k	brightness_real__harmonics__synced_sines__256_1024	amp	amp_1.00hz_0.10	0.1	amp_1.00hz_0.70	0.7	0	0	FALSE	0.857416570186615
encodec48k	brightness_real__harmonics__synced_sines__256_1024	amp	amp_1.00hz_0.10	0.1	amp_1.00hz_0.90	0.9	0	0	FALSE	1.2943710088729900
encodec48k	brightness_real__harmonics__synced_sines__256_1024	freq	freq_0.25hz	0.25	freq_0.25hz	0.25	0	0	TRUE	0.0
encodec48k	brightness_real__harmonics__synced_sines__256_1024	freq	freq_0.25hz	0.25	freq_0.50hz	0.5	0	0	FALSE	1.4174951314926100
encodec48k	brightness_real__harmonics__synced_sines__256_1024	freq	freq_0.25hz	0.25	freq_1.00hz	1.0	0	0	FALSE	1.3115850687027000
encodec48k	brightness_real__harmonics__synced_sines__256_1024	freq	freq_0.25hz	0.25	freq_2.00hz	2.0	0	0	FALSE	1.2949894666671800
encodec48k	brightness_real__harmonics__synced_sines__256_1024	freq	freq_0.25hz	0.25	freq_4.00hz	4.0	0	0	FALSE	1.5526334047317500
encodec48k	brightness_real__harmonics__synced_sines__256_1024	reg	reg_1.00hz_0.000	0.0	reg_1.00hz_0.000	0.0	0	0	TRUE	0.0
encodec48k	brightness_real__harmonics__synced_sines__256_1024	reg	reg_1.00hz_0.000	0.0	reg_1.00hz_0.125	0.125	0	0	FALSE	0.5150819420814510
encodec48k	brightness_real__harmonics__synced_sines__256_1024	reg	reg_1.00hz_0.000	0.0	reg_1.00hz_0.250	0.25	0	0	FALSE	0.7315922975540160
encodec48k	brightness_real__harmonics__synced_sines__256_1024	reg	reg_1.00hz_0.000	0.0	reg_1.00hz_0.375	0.375	0	0	FALSE	0.9101183414459230
encodec48k	brightness_real__harmonics__synced_sines__256_1024	reg	reg_1.00hz_0.000	0.0	reg_1.00hz_0.500	0.5	0	0	FALSE	1.0327378511428800
encodec48k	brightness_synthetic__256_1024	amp	amp_1.00hz_0.10	0.1	amp_1.00hz_0.10	0.1	0	0	TRUE	0.0
encodec48k	brightness_synthetic__256_1024	amp	amp_1.00hz_0.10	0.1	amp_1.00hz_0.30	0.3	0	0	FALSE	0.5073903203010560
encodec48k	brightness_synthetic__256_1024	amp	amp_1.00hz_0.10	0.1	amp_1.00hz_0.50	0.5	0	0	FALSE	0.8459022641181950
encodec48k	brightness_synthetic__256_1024	amp	amp_1.00hz_0.10	0.1	amp_1.00hz_0.70	0.7	0	0	FALSE	1.2244075536727900
encodec48k	brightness_synthetic__256_1024	amp	amp_1.00hz_0.10	0.1	amp_1.00hz_0.90	0.9	0	0	FALSE	1.8464635610580400
encodec48k	brightness_synthetic__256_1024	freq	freq_0.25hz	0.25	freq_0.25hz	0.25	0	0	TRUE	0.0
encodec48k	brightness_synthetic__256_1024	freq	freq_0.25hz	0.25	freq_0.50hz	0.5	0	0	FALSE	0.8018096685409550
encodec48k	brightness_synthetic__256_1024	freq	freq_0.25hz	0.25	freq_1.00hz	1.0	0	0	FALSE	1.0532257556915300
encodec48k	brightness_synthetic__256_1024	freq	freq_0.25hz	0.25	freq_2.00hz	2.0	0	0	FALSE	1.4461219310760500
encodec48k	brightness_synthetic__256_1024	freq	freq_0.25hz	0.25	freq_4.00hz	4.0	0	0	FALSE	1.7762318849563600
encodec48k	brightness_synthetic__256_1024	reg	reg_1.00hz_0.000	0.0	reg_1.00hz_0.000	0.0	0	0	TRUE	0.0
encodec48k	brightness_synthetic__256_1024	reg	reg_1.00hz_0.000	0.0	reg_1.00hz_0.125	0.125	0	0	FALSE	0.48912304639816300
encodec48k	brightness_synthetic__256_1024	reg	reg_1.00hz_0.000	0.0	reg_1.00hz_0.250	0.25	0	0	FALSE	0.6702883839607240
encodec48k	brightness_synthetic__256_1024	reg	reg_1.00hz_0.000	0.0	reg_1.00hz_0.375	0.375	0	0	FALSE	0.6825141906738280
encodec48k	brightness_synthetic__256_1024	reg	reg_1.00hz_0.000	0.0	reg_1.00hz_0.500	0.5	0	0	FALSE	0.7598257660865780
encodec48k	richness_real__filter__acid_saw__46_1024__inverted	amp	amp_1.00hz_0.10	0.1	amp_1.00hz_0.10	0.1	0	0	TRUE	0.0
encodec48k	richness_real__filter__acid_saw__46_1024__inverted	amp	amp_1.00hz_0.10	0.1	amp_1.00hz_0.30	0.3	0	0	FALSE	0.31744763255119300
encodec48k	richness_real__filter__acid_saw__46_1024__inverted	amp	amp_1.00hz_0.10	0.1	amp_1.00hz_0.50	0.5	0	0	FALSE	0.5747892260551450
encodec48k	richness_real__filter__acid_saw__46_1024__inverted	amp	amp_1.00hz_0.10	0.1	amp_1.00hz_0.70	0.7	0	0	FALSE	0.7866355180740360
encodec48k	richness_real__filter__acid_saw__46_1024__inverted	amp	amp_1.00hz_0.10	0.1	amp_1.00hz_0.90	0.9	0	0	FALSE	1.1673821210861200
encodec48k	richness_real__filter__acid_saw__46_1024__inverted	freq	freq_0.25hz	0.25	freq_0.25hz	0.25	0	0	TRUE	0.0
encodec48k	richness_real__filter__acid_saw__46_1024__inverted	freq	freq_0.25hz	0.25	freq_0.50hz	0.5	0	0	FALSE	0.9330942630767820
encodec48k	richness_real__filter__acid_saw__46_1024__inverted	freq	freq_0.25hz	0.25	freq_1.00hz	1.0	0	0	FALSE	2.257910966873170
encodec48k	richness_real__filter__acid_saw__46_1024__inverted	freq	freq_0.25hz	0.25	freq_2.00hz	2.0	0	0	FALSE	1.8685518503189100
encodec48k	richness_real__filter__acid_saw__46_1024__inverted	freq	freq_0.25hz	0.25	freq_4.00hz	4.0	0	0	FALSE	1.6439075469970700
encodec48k	richness_real__filter__acid_saw__46_1024__inverted	reg	reg_1.00hz_0.000	0.0	reg_1.00hz_0.000	0.0	0	0	TRUE	0.0
encodec48k	richness_real__filter__acid_saw__46_1024__inverted	reg	reg_1.00hz_0.000	0.0	reg_1.00hz_0.125	0.125	0	0	FALSE	0.6467356085777280
encodec48k	richness_real__filter__acid_saw__46_1024__inverted	reg	reg_1.00hz_0.000	0.0	reg_1.00hz_0.250	0.25	0	0	FALSE	1.6289374828338600
encodec48k	richness_real__filter__acid_saw__46_1024__inverted	reg	reg_1.00hz_0.000	0.0	reg_1.00hz_0.375	0.375	0	0	FALSE	2.0317084789276100
encodec48k	richness_real__filter__acid_saw__46_1024__inverted	reg	reg_1.00hz_0.000	0.0	reg_1.00hz_0.500	0.5	0	0	FALSE	1.9057320356369000
encodec48k	richness_synthetic__256_1024	amp	amp_1.00hz_0.10	0.1	amp_1.00hz_0.10	0.1	0	0	TRUE	0.0
encodec48k	richness_synthetic__256_1024	amp	amp_1.00hz_0.10	0.1	amp_1.00hz_0.30	0.3	0	0	FALSE	0.24378694593906400
encodec48k	richness_synthetic__256_1024	amp	amp_1.00hz_0.10	0.1	amp_1.00hz_0.50	0.5	0	0	FALSE	0.7077174186706540
encodec48k	richness_synthetic__256_1024	amp	amp_1.00hz_0.10	0.1	amp_1.00hz_0.70	0.7	0	0	FALSE	1.1126384735107400
encodec48k	richness_synthetic__256_1024	amp	amp_1.00hz_0.10	0.1	amp_1.00hz_0.90	0.9	0	0	FALSE	1.523750901222230
encodec48k	richness_synthetic__256_1024	freq	freq_0.25hz	0.25	freq_0.25hz	0.25	0	0	TRUE	0.0
encodec48k	richness_synthetic__256_1024	freq	freq_0.25hz	0.25	freq_0.50hz	0.5	0	0	FALSE	0.30559220910072300
encodec48k	richness_synthetic__256_1024	freq	freq_0.25hz	0.25	freq_1.00hz	1.0	0	0	FALSE	0.30013734102249100
encodec48k	richness_synthetic__256_1024	freq	freq_0.25hz	0.25	freq_2.00hz	2.0	0	0	FALSE	0.306880384683609
encodec48k	richness_synthetic__256_1024	freq	freq_0.25hz	0.25	freq_4.00hz	4.0	0	0	FALSE	0.386852502822876
encodec48k	richness_synthetic__256_1024	reg	reg_1.00hz_0.000	0.0	reg_1.00hz_0.000	0.0	0	0	TRUE	0.0
encodec48k	richness_synthetic__256_1024	reg	reg_1.00hz_0.000	0.0	reg_1.00hz_0.125	0.125	0	0	FALSE	0.39922094345092800
encodec48k	richness_synthetic__256_1024	reg	reg_1.00hz_0.000	0.0	reg_1.00hz_0.250	0.25	0	0	FALSE	0.5674466490745540
encodec48k	richness_synthetic__256_1024	reg	reg_1.00hz_0.000	0.0	reg_1.00hz_0.375	0.375	0	0	FALSE	0.37308651208877600
encodec48k	richness_synthetic__256_1024	reg	reg_1.00hz_0.000	0.0	reg_1.00hz_0.500	0.5	0	0	FALSE	0.4016612768173220
encodec48k	warmth_real__vintage__logue_saw__166_1024	amp	amp_1.00hz_0.10	0.1	amp_1.00hz_0.10	0.1	0	0	TRUE	0.0
encodec48k	warmth_real__vintage__logue_saw__166_1024	amp	amp_1.00hz_0.10	0.1	amp_1.00hz_0.30	0.3	0	0	FALSE	1.0000436305999800
encodec48k	warmth_real__vintage__logue_saw__166_1024	amp	amp_1.00hz_0.10	0.1	amp_1.00hz_0.50	0.5	0	0	FALSE	1.0896484851837200
encodec48k	warmth_real__vintage__logue_saw__166_1024	amp	amp_1.00hz_0.10	0.1	amp_1.00hz_0.70	0.7	0	0	FALSE	1.0949066877365100
encodec48k	warmth_real__vintage__logue_saw__166_1024	amp	amp_1.00hz_0.10	0.1	amp_1.00hz_0.90	0.9	0	0	FALSE	1.1451061964035000
encodec48k	warmth_real__vintage__logue_saw__166_1024	freq	freq_0.25hz	0.25	freq_0.25hz	0.25	0	0	TRUE	0.0
encodec48k	warmth_real__vintage__logue_saw__166_1024	freq	freq_0.25hz	0.25	freq_0.50hz	0.5	0	0	FALSE	1.8803584575653100
encodec48k	warmth_real__vintage__logue_saw__166_1024	freq	freq_0.25hz	0.25	freq_1.00hz	1.0	0	0	FALSE	0.7767374515533450
encodec48k	warmth_real__vintage__logue_saw__166_1024	freq	freq_0.25hz	0.25	freq_2.00hz	2.0	0	0	FALSE	0.5264434218406680
encodec48k	warmth_real__vintage__logue_saw__166_1024	freq	freq_0.25hz	0.25	freq_4.00hz	4.0	0	0	FALSE	0.6547074913978580
encodec48k	warmth_real__vintage__logue_saw__166_1024	reg	reg_1.00hz_0.000	0.0	reg_1.00hz_0.000	0.0	0	0	TRUE	0.0
encodec48k	warmth_real__vintage__logue_saw__166_1024	reg	reg_1.00hz_0.000	0.0	reg_1.00hz_0.125	0.125	0	0	FALSE	0.9397686719894410
encodec48k	warmth_real__vintage__logue_saw__166_1024	reg	reg_1.00hz_0.000	0.0	reg_1.00hz_0.250	0.25	0	0	FALSE	1.261290431022640
encodec48k	warmth_real__vintage__logue_saw__166_1024	reg	reg_1.00hz_0.000	0.0	reg_1.00hz_0.375	0.375	0	0	FALSE	1.5288370847702000
encodec48k	warmth_real__vintage__logue_saw__166_1024	reg	reg_1.00hz_0.000	0.0	reg_1.00hz_0.500	0.5	0	0	FALSE	1.432286262512210
encodec48k	warmth_synthetic__256_1024	amp	amp_1.00hz_0.10	0.1	amp_1.00hz_0.10	0.1	0	0	TRUE	0.0
encodec48k	warmth_synthetic__256_1024	amp	amp_1.00hz_0.10	0.1	amp_1.00hz_0.30	0.3	0	0	FALSE	0.06590636819601060
encodec48k	warmth_synthetic__256_1024	amp	amp_1.00hz_0.10	0.1	amp_1.00hz_0.50	0.5	0	0	FALSE	0.2040046900510790
encodec48k	warmth_synthetic__256_1024	amp	amp_1.00hz_0.10	0.1	amp_1.00hz_0.70	0.7	0	0	FALSE	0.40974316000938400
encodec48k	warmth_synthetic__256_1024	amp	amp_1.00hz_0.10	0.1	amp_1.00hz_0.90	0.9	0	0	FALSE	0.6352874040603640
encodec48k	warmth_synthetic__256_1024	freq	freq_0.25hz	0.25	freq_0.25hz	0.25	0	0	TRUE	0.0
encodec48k	warmth_synthetic__256_1024	freq	freq_0.25hz	0.25	freq_0.50hz	0.5	0	0	FALSE	0.6130446195602420
encodec48k	warmth_synthetic__256_1024	freq	freq_0.25hz	0.25	freq_1.00hz	1.0	0	0	FALSE	0.48846614360809300
encodec48k	warmth_synthetic__256_1024	freq	freq_0.25hz	0.25	freq_2.00hz	2.0	0	0	FALSE	0.3785083293914800
encodec48k	warmth_synthetic__256_1024	freq	freq_0.25hz	0.25	freq_4.00hz	4.0	0	0	FALSE	0.326160728931427
encodec48k	warmth_synthetic__256_1024	reg	reg_1.00hz_0.000	0.0	reg_1.00hz_0.000	0.0	0	0	TRUE	0.0
encodec48k	warmth_synthetic__256_1024	reg	reg_1.00hz_0.000	0.0	reg_1.00hz_0.125	0.125	0	0	FALSE	0.1676907241344450
encodec48k	warmth_synthetic__256_1024	reg	reg_1.00hz_0.000	0.0	reg_1.00hz_0.250	0.25	0	0	FALSE	0.2771008610725400
encodec48k	warmth_synthetic__256_1024	reg	reg_1.00hz_0.000	0.0	reg_1.00hz_0.375	0.375	0	0	FALSE	0.2597183883190160
encodec48k	warmth_synthetic__256_1024	reg	reg_1.00hz_0.000	0.0	reg_1.00hz_0.500	0.5	0	0	FALSE	0.27475422620773300
panns_wavegram_logmel	brightness_real__harmonics__synced_sines__256_1024	amp	amp_1.00hz_0.10	0.1	amp_1.00hz_0.10	0.1	0	0	TRUE	0.0
panns_wavegram_logmel	brightness_real__harmonics__synced_sines__256_1024	amp	amp_1.00hz_0.10	0.1	amp_1.00hz_0.30	0.3	0	0	FALSE	5.494843482971190
panns_wavegram_logmel	brightness_real__harmonics__synced_sines__256_1024	amp	amp_1.00hz_0.10	0.1	amp_1.00hz_0.50	0.5	0	0	FALSE	10.2328462600708
panns_wavegram_logmel	brightness_real__harmonics__synced_sines__256_1024	amp	amp_1.00hz_0.10	0.1	amp_1.00hz_0.70	0.7	0	0	FALSE	11.452400207519500
panns_wavegram_logmel	brightness_real__harmonics__synced_sines__256_1024	amp	amp_1.00hz_0.10	0.1	amp_1.00hz_0.90	0.9	0	0	FALSE	12.050346374511700
panns_wavegram_logmel	brightness_real__harmonics__synced_sines__256_1024	freq	freq_0.25hz	0.25	freq_0.25hz	0.25	0	0	TRUE	0.0
panns_wavegram_logmel	brightness_real__harmonics__synced_sines__256_1024	freq	freq_0.25hz	0.25	freq_0.50hz	0.5	0	0	FALSE	4.6296067237854
panns_wavegram_logmel	brightness_real__harmonics__synced_sines__256_1024	freq	freq_0.25hz	0.25	freq_1.00hz	1.0	0	0	FALSE	6.705406188964840
panns_wavegram_logmel	brightness_real__harmonics__synced_sines__256_1024	freq	freq_0.25hz	0.25	freq_2.00hz	2.0	0	0	FALSE	7.143242359161380
panns_wavegram_logmel	brightness_real__harmonics__synced_sines__256_1024	freq	freq_0.25hz	0.25	freq_4.00hz	4.0	0	0	FALSE	6.9124627113342300
panns_wavegram_logmel	brightness_real__harmonics__synced_sines__256_1024	reg	reg_1.00hz_0.000	0.0	reg_1.00hz_0.000	0.0	0	0	TRUE	0.0
panns_wavegram_logmel	brightness_real__harmonics__synced_sines__256_1024	reg	reg_1.00hz_0.000	0.0	reg_1.00hz_0.125	0.125	0	0	FALSE	1.0224889516830400
panns_wavegram_logmel	brightness_real__harmonics__synced_sines__256_1024	reg	reg_1.00hz_0.000	0.0	reg_1.00hz_0.250	0.25	0	0	FALSE	1.304415225982670
panns_wavegram_logmel	brightness_real__harmonics__synced_sines__256_1024	reg	reg_1.00hz_0.000	0.0	reg_1.00hz_0.375	0.375	0	0	FALSE	1.6843526363372800
panns_wavegram_logmel	brightness_real__harmonics__synced_sines__256_1024	reg	reg_1.00hz_0.000	0.0	reg_1.00hz_0.500	0.5	0	0	FALSE	2.132436752319340
panns_wavegram_logmel	brightness_synthetic__256_1024	amp	amp_1.00hz_0.10	0.1	amp_1.00hz_0.10	0.1	0	0	TRUE	0.0
panns_wavegram_logmel	brightness_synthetic__256_1024	amp	amp_1.00hz_0.10	0.1	amp_1.00hz_0.30	0.3	0	0	FALSE	8.218668937683110
panns_wavegram_logmel	brightness_synthetic__256_1024	amp	amp_1.00hz_0.10	0.1	amp_1.00hz_0.50	0.5	0	0	FALSE	10.10046672821050
panns_wavegram_logmel	brightness_synthetic__256_1024	amp	amp_1.00hz_0.10	0.1	amp_1.00hz_0.70	0.7	0	0	FALSE	10.466355323791500
panns_wavegram_logmel	brightness_synthetic__256_1024	amp	amp_1.00hz_0.10	0.1	amp_1.00hz_0.90	0.9	0	0	FALSE	11.264981269836400
panns_wavegram_logmel	brightness_synthetic__256_1024	freq	freq_0.25hz	0.25	freq_0.25hz	0.25	0	0	TRUE	0.0
panns_wavegram_logmel	brightness_synthetic__256_1024	freq	freq_0.25hz	0.25	freq_0.50hz	0.5	0	0	FALSE	4.7439866065979
panns_wavegram_logmel	brightness_synthetic__256_1024	freq	freq_0.25hz	0.25	freq_1.00hz	1.0	0	0	FALSE	5.330426216125490
panns_wavegram_logmel	brightness_synthetic__256_1024	freq	freq_0.25hz	0.25	freq_2.00hz	2.0	0	0	FALSE	7.725939750671390
panns_wavegram_logmel	brightness_synthetic__256_1024	freq	freq_0.25hz	0.25	freq_4.00hz	4.0	0	0	FALSE	7.637045383453370
panns_wavegram_logmel	brightness_synthetic__256_1024	reg	reg_1.00hz_0.000	0.0	reg_1.00hz_0.000	0.0	0	0	TRUE	0.0
panns_wavegram_logmel	brightness_synthetic__256_1024	reg	reg_1.00hz_0.000	0.0	reg_1.00hz_0.125	0.125	0	0	FALSE	0.661011815071106
panns_wavegram_logmel	brightness_synthetic__256_1024	reg	reg_1.00hz_0.000	0.0	reg_1.00hz_0.250	0.25	0	0	FALSE	1.1189900636673000
panns_wavegram_logmel	brightness_synthetic__256_1024	reg	reg_1.00hz_0.000	0.0	reg_1.00hz_0.375	0.375	0	0	FALSE	1.5371811389923100
panns_wavegram_logmel	brightness_synthetic__256_1024	reg	reg_1.00hz_0.000	0.0	reg_1.00hz_0.500	0.5	0	0	FALSE	2.1583423614502000
panns_wavegram_logmel	richness_real__filter__acid_saw__46_1024__inverted	amp	amp_1.00hz_0.10	0.1	amp_1.00hz_0.10	0.1	0	0	TRUE	0.0
panns_wavegram_logmel	richness_real__filter__acid_saw__46_1024__inverted	amp	amp_1.00hz_0.10	0.1	amp_1.00hz_0.30	0.3	0	0	FALSE	0.6132574677467350
panns_wavegram_logmel	richness_real__filter__acid_saw__46_1024__inverted	amp	amp_1.00hz_0.10	0.1	amp_1.00hz_0.50	0.5	0	0	FALSE	1.38494873046875
panns_wavegram_logmel	richness_real__filter__acid_saw__46_1024__inverted	amp	amp_1.00hz_0.10	0.1	amp_1.00hz_0.70	0.7	0	0	FALSE	2.352118730545040
panns_wavegram_logmel	richness_real__filter__acid_saw__46_1024__inverted	amp	amp_1.00hz_0.10	0.1	amp_1.00hz_0.90	0.9	0	0	FALSE	3.312654972076420
panns_wavegram_logmel	richness_real__filter__acid_saw__46_1024__inverted	freq	freq_0.25hz	0.25	freq_0.25hz	0.25	0	0	TRUE	0.0
panns_wavegram_logmel	richness_real__filter__acid_saw__46_1024__inverted	freq	freq_0.25hz	0.25	freq_0.50hz	0.5	0	0	FALSE	1.9139628410339400
panns_wavegram_logmel	richness_real__filter__acid_saw__46_1024__inverted	freq	freq_0.25hz	0.25	freq_1.00hz	1.0	0	0	FALSE	3.7272794246673600
panns_wavegram_logmel	richness_real__filter__acid_saw__46_1024__inverted	freq	freq_0.25hz	0.25	freq_2.00hz	2.0	0	0	FALSE	4.6914520263671900
panns_wavegram_logmel	richness_real__filter__acid_saw__46_1024__inverted	freq	freq_0.25hz	0.25	freq_4.00hz	4.0	0	0	FALSE	4.654575347900390
panns_wavegram_logmel	richness_real__filter__acid_saw__46_1024__inverted	reg	reg_1.00hz_0.000	0.0	reg_1.00hz_0.000	0.0	0	0	TRUE	0.0
panns_wavegram_logmel	richness_real__filter__acid_saw__46_1024__inverted	reg	reg_1.00hz_0.000	0.0	reg_1.00hz_0.125	0.125	0	0	FALSE	0.43825387954711900
panns_wavegram_logmel	richness_real__filter__acid_saw__46_1024__inverted	reg	reg_1.00hz_0.000	0.0	reg_1.00hz_0.250	0.25	0	0	FALSE	0.8773268461227420
panns_wavegram_logmel	richness_real__filter__acid_saw__46_1024__inverted	reg	reg_1.00hz_0.000	0.0	reg_1.00hz_0.375	0.375	0	0	FALSE	1.1807364225387600
panns_wavegram_logmel	richness_real__filter__acid_saw__46_1024__inverted	reg	reg_1.00hz_0.000	0.0	reg_1.00hz_0.500	0.5	0	0	FALSE	1.5018519163131700
panns_wavegram_logmel	richness_synthetic__256_1024	amp	amp_1.00hz_0.10	0.1	amp_1.00hz_0.10	0.1	0	0	TRUE	0.0
panns_wavegram_logmel	richness_synthetic__256_1024	amp	amp_1.00hz_0.10	0.1	amp_1.00hz_0.30	0.3	0	0	FALSE	2.85721755027771
panns_wavegram_logmel	richness_synthetic__256_1024	amp	amp_1.00hz_0.10	0.1	amp_1.00hz_0.50	0.5	0	0	FALSE	6.373048782348630
panns_wavegram_logmel	richness_synthetic__256_1024	amp	amp_1.00hz_0.10	0.1	amp_1.00hz_0.70	0.7	0	0	FALSE	7.774403095245360
panns_wavegram_logmel	richness_synthetic__256_1024	amp	amp_1.00hz_0.10	0.1	amp_1.00hz_0.90	0.9	0	0	FALSE	8.060386657714840
panns_wavegram_logmel	richness_synthetic__256_1024	freq	freq_0.25hz	0.25	freq_0.25hz	0.25	0	0	TRUE	0.0
panns_wavegram_logmel	richness_synthetic__256_1024	freq	freq_0.25hz	0.25	freq_0.50hz	0.5	0	0	FALSE	3.8620188236236600
panns_wavegram_logmel	richness_synthetic__256_1024	freq	freq_0.25hz	0.25	freq_1.00hz	1.0	0	0	FALSE	7.402573108673100
panns_wavegram_logmel	richness_synthetic__256_1024	freq	freq_0.25hz	0.25	freq_2.00hz	2.0	0	0	FALSE	7.934654712677000
panns_wavegram_logmel	richness_synthetic__256_1024	freq	freq_0.25hz	0.25	freq_4.00hz	4.0	0	0	FALSE	9.098980903625490
panns_wavegram_logmel	richness_synthetic__256_1024	reg	reg_1.00hz_0.000	0.0	reg_1.00hz_0.000	0.0	0	0	TRUE	0.0
panns_wavegram_logmel	richness_synthetic__256_1024	reg	reg_1.00hz_0.000	0.0	reg_1.00hz_0.125	0.125	0	0	FALSE	0.6834790110588070
panns_wavegram_logmel	richness_synthetic__256_1024	reg	reg_1.00hz_0.000	0.0	reg_1.00hz_0.250	0.25	0	0	FALSE	0.9007185697555540
panns_wavegram_logmel	richness_synthetic__256_1024	reg	reg_1.00hz_0.000	0.0	reg_1.00hz_0.375	0.375	0	0	FALSE	1.3800612688064600
panns_wavegram_logmel	richness_synthetic__256_1024	reg	reg_1.00hz_0.000	0.0	reg_1.00hz_0.500	0.5	0	0	FALSE	1.8890146017074600
panns_wavegram_logmel	warmth_real__vintage__logue_saw__166_1024	amp	amp_1.00hz_0.10	0.1	amp_1.00hz_0.10	0.1	0	0	TRUE	0.0
panns_wavegram_logmel	warmth_real__vintage__logue_saw__166_1024	amp	amp_1.00hz_0.10	0.1	amp_1.00hz_0.30	0.3	0	0	FALSE	4.303147792816160
panns_wavegram_logmel	warmth_real__vintage__logue_saw__166_1024	amp	amp_1.00hz_0.10	0.1	amp_1.00hz_0.50	0.5	0	0	FALSE	5.2978339195251500
panns_wavegram_logmel	warmth_real__vintage__logue_saw__166_1024	amp	amp_1.00hz_0.10	0.1	amp_1.00hz_0.70	0.7	0	0	FALSE	5.7144389152526900
panns_wavegram_logmel	warmth_real__vintage__logue_saw__166_1024	amp	amp_1.00hz_0.10	0.1	amp_1.00hz_0.90	0.9	0	0	FALSE	5.529951095581060
panns_wavegram_logmel	warmth_real__vintage__logue_saw__166_1024	freq	freq_0.25hz	0.25	freq_0.25hz	0.25	0	0	TRUE	0.0
panns_wavegram_logmel	warmth_real__vintage__logue_saw__166_1024	freq	freq_0.25hz	0.25	freq_0.50hz	0.5	0	0	FALSE	3.1102821826934800
panns_wavegram_logmel	warmth_real__vintage__logue_saw__166_1024	freq	freq_0.25hz	0.25	freq_1.00hz	1.0	0	0	FALSE	5.088992118835450
panns_wavegram_logmel	warmth_real__vintage__logue_saw__166_1024	freq	freq_0.25hz	0.25	freq_2.00hz	2.0	0	0	FALSE	5.862676620483400
panns_wavegram_logmel	warmth_real__vintage__logue_saw__166_1024	freq	freq_0.25hz	0.25	freq_4.00hz	4.0	0	0	FALSE	6.113394737243650
panns_wavegram_logmel	warmth_real__vintage__logue_saw__166_1024	reg	reg_1.00hz_0.000	0.0	reg_1.00hz_0.000	0.0	0	0	TRUE	0.0
panns_wavegram_logmel	warmth_real__vintage__logue_saw__166_1024	reg	reg_1.00hz_0.000	0.0	reg_1.00hz_0.125	0.125	0	0	FALSE	0.6967801451683040
panns_wavegram_logmel	warmth_real__vintage__logue_saw__166_1024	reg	reg_1.00hz_0.000	0.0	reg_1.00hz_0.250	0.25	0	0	FALSE	1.0883058309555100
panns_wavegram_logmel	warmth_real__vintage__logue_saw__166_1024	reg	reg_1.00hz_0.000	0.0	reg_1.00hz_0.375	0.375	0	0	FALSE	1.30936598777771
panns_wavegram_logmel	warmth_real__vintage__logue_saw__166_1024	reg	reg_1.00hz_0.000	0.0	reg_1.00hz_0.500	0.5	0	0	FALSE	1.39888596534729
panns_wavegram_logmel	warmth_synthetic__256_1024	amp	amp_1.00hz_0.10	0.1	amp_1.00hz_0.10	0.1	0	0	TRUE	0.0
panns_wavegram_logmel	warmth_synthetic__256_1024	amp	amp_1.00hz_0.10	0.1	amp_1.00hz_0.30	0.3	0	0	FALSE	0.23154358565807300
panns_wavegram_logmel	warmth_synthetic__256_1024	amp	amp_1.00hz_0.10	0.1	amp_1.00hz_0.50	0.5	0	0	FALSE	0.6806280612945560
panns_wavegram_logmel	warmth_synthetic__256_1024	amp	amp_1.00hz_0.10	0.1	amp_1.00hz_0.70	0.7	0	0	FALSE	1.3319902420043900
panns_wavegram_logmel	warmth_synthetic__256_1024	amp	amp_1.00hz_0.10	0.1	amp_1.00hz_0.90	0.9	0	0	FALSE	1.9492466449737500
panns_wavegram_logmel	warmth_synthetic__256_1024	freq	freq_0.25hz	0.25	freq_0.25hz	0.25	0	0	TRUE	0.0
panns_wavegram_logmel	warmth_synthetic__256_1024	freq	freq_0.25hz	0.25	freq_0.50hz	0.5	0	0	FALSE	0.6086573004722600
panns_wavegram_logmel	warmth_synthetic__256_1024	freq	freq_0.25hz	0.25	freq_1.00hz	1.0	0	0	FALSE	1.0679666996002200
panns_wavegram_logmel	warmth_synthetic__256_1024	freq	freq_0.25hz	0.25	freq_2.00hz	2.0	0	0	FALSE	2.307840585708620
panns_wavegram_logmel	warmth_synthetic__256_1024	freq	freq_0.25hz	0.25	freq_4.00hz	4.0	0	0	FALSE	3.1784634590148900
panns_wavegram_logmel	warmth_synthetic__256_1024	reg	reg_1.00hz_0.000	0.0	reg_1.00hz_0.000	0.0	0	0	TRUE	0.0
panns_wavegram_logmel	warmth_synthetic__256_1024	reg	reg_1.00hz_0.000	0.0	reg_1.00hz_0.125	0.125	0	0	FALSE	0.18701878190040600
panns_wavegram_logmel	warmth_synthetic__256_1024	reg	reg_1.00hz_0.000	0.0	reg_1.00hz_0.250	0.25	0	0	FALSE	0.2813628017902370
panns_wavegram_logmel	warmth_synthetic__256_1024	reg	reg_1.00hz_0.000	0.0	reg_1.00hz_0.375	0.375	0	0	FALSE	0.4627113938331600
panns_wavegram_logmel	warmth_synthetic__256_1024	reg	reg_1.00hz_0.000	0.0	reg_1.00hz_0.500	0.5	0	0	FALSE	0.6395229697227480