loss_fn	Source	SS	DF	MS	F	p_unc	p_bonf	p_fdr	np2	eta_sq	pct_var
human	modulation	1554.6650564301106	2	777.3325282150553	78.38062424359893	5.009573046306647e-05	0.00010019146092613294	5.009573046306647e-05	0.963136188400079	0.24595826057439438	24.59582605743944
human	rating_stimulus	4706.679629542137	3	1568.893209847379	158.19591319785908	4.236825559318599e-06	8.473651118637197e-06	8.473651118637197e-06	0.9875152870003008	0.7446277447190829	74.46277447190829
human	Residual (pooled)	59.50444021465195	6	9.917406702441992						0.009413994706522674	0.9413994706522674
clap	modulation	174.67663863294388	2	87.33831931647194	11.417187784507085	0.009009944142588561	0.018019888285177123	0.018019888285177123	0.7919150360777125	0.5360642719119899	53.60642719119899
clap	rating_stimulus	105.27520421692311	3	35.091734738974374	4.587321216329143	0.053764504220772454	0.10752900844154491	0.053764504220772454	0.6963864468849263	0.3230785532661806	32.30785532661806
clap	Residual (pooled)	45.898335543708114	6	7.649722590618019						0.14085717482182944	14.085717482182943
encodec48k	modulation	0.09366018486579587	2	0.046830092432897936	1.4001700499809397	0.3169241850159295	0.633848370031859	0.3169241850159295	0.31820816788364914	0.15263369408535973	15.263369408535974
encodec48k	rating_stimulus	0.3192909843851029	3	0.10643032812836763	3.182153827018672	0.10585795594043909	0.21171591188087818	0.21171591188087818	0.6140600864504608	0.5203338270651516	52.03338270651516
encodec48k	Residual (pooled)	0.20067602117415134	6	0.03344600352902522						0.32703247884948866	32.703247884948865
jtfs	modulation	0.08438481993663695	2	0.042192409968318474	74.48354255809343	5.8041063116403836e-05	0.00011608212623280767	0.00011608212623280767	0.9612821006764017	0.5801829514822905	58.01829514822905
jtfs	rating_stimulus	0.05766157336841121	3	0.019220524456137072	33.93057548484511	0.0003692995230480632	0.0007385990460961264	0.0003692995230480632	0.944337100839268	0.3964488144801122	39.64488144801122
jtfs	Residual (pooled)	0.003398797252593928	6	0.0005664662087656547						0.023368234037597375	2.3368234037597375
mfcc	modulation	4.019422680754205	2	2.0097113403771023	15.151942908521022	0.004514341540994332	0.009028683081988663	0.009028683081988663	0.8347284356766175	0.6243844898905737	62.43844898905737
mfcc	rating_stimulus	1.622170056678194	3	0.5407233522260647	4.076709524212615	0.06762353431104275	0.1352470686220855	0.06762353431104275	0.6708745099578955	0.25199087127724634	25.199087127724635
mfcc	Residual (pooled)	0.7958232231380299	6	0.13263720385633831						0.12362463883217992	12.362463883217991
mss_log_lin	modulation	0.24687892056521207	2	0.12343946028260604	34.28848158058513	0.0005207624572068154	0.0010415249144136308	0.0010415249144136308	0.9195462010563069	0.6898902880515683	68.98902880515682
mss_log_lin	rating_stimulus	0.08937335389314731	3	0.029791117964382437	8.27524842743261	0.014903582036001777	0.029807164072003553	0.014903582036001777	0.8053575040910497	0.24974918360918336	24.974918360918334
mss_log_lin	Residual (pooled)	0.02160016214060061	6	0.003600027023433435						0.06036052833924838	6.036052833924838
mss_rev	modulation	104231.00065261633	2	52115.50032630817	15.917592756082986	0.003988100995765734	0.007976201991531469	0.007976201991531469	0.841417455239629	0.6713294987858897	67.13294987858896
mss_rev	rating_stimulus	31385.078724083363	3	10461.692908027788	3.1953059302229363	0.10511117960657804	0.21022235921315607	0.10511117960657804	0.6150371071768284	0.20214455428108466	20.214455428108465
mss_rev	Residual (pooled)	19644.490643118876	6	3274.081773853146						0.12652594693302563	12.652594693302563
panns_wavegram_logmel	modulation	49.689041574117226	2	24.844520787058613	66.14803368217886	8.166279866581268e-05	0.00016332559733162535	0.00016332559733162535	0.9566148183795258	0.7894804643853347	78.94804643853347
panns_wavegram_logmel	rating_stimulus	10.99633229318133	3	3.6654440977271103	9.759170712718829	0.010050774387875	0.02010154877575	0.010050774387875	0.8299199791498237	0.1747143686079536	17.47143686079536
panns_wavegram_logmel	Residual (pooled)	2.2535382599363993	6	0.3755897099893999						0.03580516700671169	3.5805167006711693
scat1d	modulation	0.8758219724660544	2	0.4379109862330272	76.57813672156843	5.357750255447094e-05	0.00010715500510894187	0.00010715500510894187	0.9623012032752597	0.6277080196155278	62.77080196155278
scat1d	rating_stimulus	0.4851368004806485	3	0.16171226682688283	28.27886138493462	0.0006145775422186183	0.0012291550844372365	0.0006145775422186183	0.9339473180786412	0.34770109662226384	34.77010966222638
scat1d	Residual (pooled)	0.03431091470600029	6	0.005718485784333382						0.024590883762208287	2.4590883762208287
vggish	modulation	1.2565448441528433	2	0.6282724220764216	34.570896511271705	0.000509107024551526	0.001018214049103052	0.001018214049103052	0.9201509604887931	0.5821879842878824	58.21879842878824
vggish	rating_stimulus	0.7927290927271226	3	0.26424303090904083	14.540059621254628	0.0036876309952345236	0.007375261990469047	0.0036876309952345236	0.8790814515910256	0.36729079326438063	36.72907932643806
vggish	Residual (pooled)	0.10904069355648487	6	0.01817344892608081						0.05052122244773684	5.052122244773684
